genome_id,cluster_id,split
573.12771,hc10_2880,train
573.12772,hc10_25153,train
573.12773,hc10_25154,test
573.12777,hc10_24863,train
573.12778,hc10_25155,train
573.12779,hc10_25156,train
573.12780,hc10_25157,train
573.12781,hc10_25157,train
573.12782,hc10_25159,train
573.12783,hc10_25160,test
573.12796,hc10_26457,train
573.12858,hc10_7459,train
573.12859,hc10_21319,test
573.12860,hc10_5641,test
573.12861,hc10_21616,calibration
573.12862,hc10_21617,train
573.12863,hc10_21014,train
573.12865,hc10_21914,train
573.12867,hc10_1684,train
573.12868,hc10_21915,test
573.12869,hc10_5638,train
573.12871,hc10_5640,train
573.12872,hc10_22215,train
573.12873,hc10_21015,train
573.12874,hc10_22217,train
573.12875,hc10_21916,calibration
573.12876,hc10_22218,train
573.12878,hc10_22220,test
573.12880,hc10_22222,train
573.12881,hc10_22223,train
573.12882,hc10_22224,train
573.12883,hc10_21015,train
573.12887,hc10_5641,test
573.12888,hc10_5642,train
573.12889,hc10_21918,train
573.12890,hc10_22225,calibration
573.12891,hc10_22226,train
573.12893,hc10_1684,train
573.12894,hc10_1684,train
573.12896,hc10_21922,train
573.12897,hc10_21018,train
573.12898,hc10_21019,test
573.12900,hc10_21021,train
573.12901,hc10_21022,train
573.12902,hc10_21023,calibration
573.12903,hc10_21024,train
573.12904,hc10_21025,train
573.12905,hc10_1684,train
573.12906,hc10_21027,test
573.12907,hc10_21028,train
573.12908,hc10_21029,train
573.12910,hc10_21031,train
573.12912,hc10_22228,test
573.12913,hc10_5641,test
573.12914,hc10_21924,train
573.12915,hc10_21032,train
573.12917,hc10_5645,train
573.12918,hc10_5646,calibration
573.12919,hc10_1684,train
573.12920,hc10_5647,test
573.12921,hc10_21033,train
573.12923,hc10_21034,train
573.12925,hc10_21036,test
573.12926,hc10_21037,train
573.12927,hc10_21038,train
573.12928,hc10_21039,test
573.12930,hc10_21040,train
573.12931,hc10_5641,test
573.12932,hc10_1684,train
573.12934,hc10_21042,train
573.12935,hc10_5649,calibration
573.12936,hc10_21043,train
573.12937,hc10_5650,test
573.12938,hc10_5651,train
573.12939,hc10_5652,train
573.12940,hc10_5653,train
573.12941,hc10_5654,train
573.12943,hc10_21927,test
573.12944,hc10_21928,train
573.12947,hc10_21930,train
573.12949,hc10_21620,train
573.12952,hc10_21931,calibration
573.12953,hc10_1684,train
573.12954,hc10_5655,test
573.12955,hc10_5656,train
573.12960,hc10_5659,train
573.12961,hc10_21045,train
573.12963,hc10_21047,test
573.12965,hc10_21048,calibration
573.12966,hc10_1684,train
573.12967,hc10_21623,train
573.12968,hc10_21624,train
573.12969,hc10_21050,train
573.12970,hc10_21051,calibration
573.12971,hc10_5660,train
573.12972,hc10_5661,train
573.12975,hc10_5663,test
573.12976,hc10_5664,train
573.12977,hc10_5665,train
573.12978,hc10_21625,train
573.12979,hc10_21052,train
573.12980,hc10_21053,train
573.12981,hc10_5641,test
573.12982,hc10_5666,calibration
573.12983,hc10_21055,train
573.12984,hc10_21933,train
573.12985,hc10_21934,train
573.12986,hc10_21048,calibration
573.12988,hc10_21626,test
573.12990,hc10_5641,test
573.12992,hc10_21928,train
573.12993,hc10_21629,train
573.12994,hc10_21630,train
573.12995,hc10_21631,train
573.12996,hc10_21936,calibration
573.12997,hc10_21632,train
573.12998,hc10_21633,test
573.12999,hc10_5660,train
573.13000,hc10_21058,test
573.13002,hc10_5669,train
573.13004,hc10_21060,train
573.13005,hc10_21061,train
573.13006,hc10_17141,test
573.13008,hc10_21630,train
573.13009,hc10_21636,train
573.13010,hc10_1684,train
573.13011,hc10_5641,test
573.13013,hc10_21316,train
573.13014,hc10_21317,calibration
573.13015,hc10_21318,train
573.13016,hc10_17143,train
573.13017,hc10_21637,test
573.13019,hc10_21639,train
573.13020,hc10_21640,train
573.13021,hc10_21319,test
573.13022,hc10_17144,train
573.13023,hc10_5641,test
573.13025,hc10_21321,test
573.13026,hc10_21322,test
573.13027,hc10_21641,train
573.13028,hc10_5670,train
573.13029,hc10_5671,calibration
573.13031,hc10_5672,calibration
573.13033,hc10_1684,train
573.13034,hc10_21325,train
573.13035,hc10_1684,train
573.13036,hc10_21327,train
573.13037,hc10_17145,train
573.13039,hc10_21325,train
573.13040,hc10_21642,test
573.13042,hc10_21325,train
573.13043,hc10_17146,train
573.13045,hc10_21331,train
573.13047,hc10_21334,train
573.13048,hc10_1684,train
573.13049,hc10_21645,train
573.13051,hc10_21617,train
573.13052,hc10_17148,train
573.13053,hc10_21335,calibration
573.13054,hc10_21336,calibration
573.13055,hc10_21647,test
573.13056,hc10_21337,train
573.13059,hc10_21339,train
573.13060,hc10_5673,train
573.13061,hc10_5674,train
573.13062,hc10_21340,train
573.13063,hc10_1684,train
573.13064,hc10_5664,train
573.13065,hc10_5676,train
573.13066,hc10_5647,test
573.13067,hc10_21617,train
573.13068,hc10_21617,train
573.13069,hc10_5641,test
573.13070,hc10_5647,test
573.13071,hc10_21617,train
573.13073,hc10_21937,train
573.13074,hc10_21323,test
573.13075,hc10_1684,train
573.13076,hc10_5641,test
573.13079,hc10_5676,train
573.13080,hc10_5672,calibration
573.13081,hc10_5684,train
573.13082,hc10_1684,train
573.13084,hc10_5641,test
573.13085,hc10_21938,train
573.13086,hc10_21939,train
573.13087,hc10_1684,train
573.13088,hc10_5676,train
573.13089,hc10_1684,train
573.13090,hc10_1684,train
573.13091,hc10_5688,train
573.13092,hc10_1684,train
573.13093,hc10_21339,train
573.13095,hc10_21340,train
573.13096,hc10_21938,train
573.13097,hc10_21944,train
573.13098,hc10_21339,train
573.13099,hc10_21945,train
573.13100,hc10_21946,train
573.13101,hc10_21348,test
573.13102,hc10_21947,train
573.13103,hc10_21349,train
573.13104,hc10_21350,calibration
573.13105,hc10_21938,train
573.13106,hc10_21946,train
573.13107,hc10_1684,train
573.13108,hc10_21325,train
573.13109,hc10_1684,train
573.13110,hc10_21335,calibration
573.13111,hc10_1684,train
573.13112,hc10_21325,train
573.13113,hc10_1684,train
573.13114,hc10_21325,train
573.13115,hc10_21357,train
573.13116,hc10_21339,train
573.13118,hc10_21360,train
573.13119,hc10_5641,test
573.13120,hc10_1684,train
573.13121,hc10_1684,train
573.13122,hc10_1684,train
573.13124,hc10_1684,train
573.13125,hc10_1684,train
573.13126,hc10_1684,train
573.13127,hc10_5647,test
573.13128,hc10_5664,train
573.13130,hc10_5696,train
573.13131,hc10_21946,train
573.13132,hc10_21938,train
573.13134,hc10_21955,train
573.13135,hc10_21366,train
573.13136,hc10_1684,train
573.13137,hc10_21368,train
573.13138,hc10_21325,train
573.13139,hc10_21340,train
573.13140,hc10_21340,train
573.13141,hc10_21372,test
573.13142,hc10_1684,train
573.13143,hc10_21374,train
573.13144,hc10_21652,train
573.13145,hc10_21938,train
573.13146,hc10_21375,train
573.13147,hc10_21376,calibration
573.13148,hc10_1684,train
573.13149,hc10_21939,train
573.13150,hc10_21958,train
573.13151,hc10_21959,train
573.13152,hc10_21378,test
573.13153,hc10_21325,train
573.13156,hc10_21325,train
573.13157,hc10_21938,train
573.13158,hc10_21381,train
573.13159,hc10_21653,train
573.13160,hc10_21647,test
573.13161,hc10_21938,train
573.13162,hc10_5638,train
573.13163,hc10_21325,train
573.13164,hc10_1684,train
573.13165,hc10_21962,calibration
573.13166,hc10_21655,train
573.13167,hc10_21340,train
573.13168,hc10_21386,train
573.13169,hc10_21325,train
573.13170,hc10_21386,train
573.13171,hc10_21647,test
573.13172,hc10_21645,train
573.13173,hc10_21647,test
573.13174,hc10_21645,train
573.13175,hc10_21389,train
573.13176,hc10_21325,train
573.13177,hc10_21938,train
573.13178,hc10_21340,train
573.13179,hc10_21660,train
573.13180,hc10_1684,train
573.13181,hc10_1684,train
573.13182,hc10_21620,train
573.13183,hc10_21965,test
573.13185,hc10_1684,train
573.13187,hc10_1684,train
573.13189,hc10_21325,train
573.13190,hc10_21325,train
573.13191,hc10_21325,train
573.13192,hc10_1684,train
573.13193,hc10_21938,train
573.13194,hc10_1684,train
573.13195,hc10_1684,train
573.13196,hc10_1684,train
573.13197,hc10_21652,train
573.13198,hc10_21400,test
573.13199,hc10_21400,test
573.13200,hc10_1684,train
573.13201,hc10_21617,train
573.13204,hc10_21970,train
573.13209,hc10_21647,test
573.13210,hc10_21617,train
573.13211,hc10_21617,train
573.13212,hc10_1684,train
573.13213,hc10_21673,train
573.13214,hc10_22229,train
573.13215,hc10_1684,train
573.13216,hc10_22231,test
573.13219,hc10_22232,train
573.13220,hc10_1684,train
573.13221,hc10_22232,train
573.13222,hc10_21647,test
573.13223,hc10_21647,test
573.13224,hc10_1684,train
573.13225,hc10_21404,train
573.13226,hc10_22229,train
573.13227,hc10_22219,calibration
573.13228,hc10_22239,calibration
573.13230,hc10_21339,train
573.13231,hc10_1684,train
573.13232,hc10_5641,test
573.13235,hc10_21673,train
573.13236,hc10_22239,calibration
573.13237,hc10_22241,train
573.13238,hc10_22239,calibration
573.13239,hc10_22219,calibration
573.13240,hc10_22239,calibration
573.13242,hc10_21681,train
573.13244,hc10_21652,train
573.13246,hc10_22219,calibration
573.13247,hc10_22248,calibration
573.13248,hc10_22219,calibration
573.13250,hc10_21684,train
573.13251,hc10_21645,train
573.13252,hc10_21408,test
573.13253,hc10_21409,train
573.13254,hc10_22219,calibration
573.13256,hc10_22219,calibration
573.13257,hc10_1684,train
573.13258,hc10_22254,train
573.13259,hc10_1684,train
573.13260,hc10_22255,train
573.13261,hc10_22219,calibration
573.13262,hc10_1684,train
573.13263,hc10_21340,train
573.13264,hc10_1684,train
573.13265,hc10_1684,train
573.13266,hc10_21339,train
573.13267,hc10_1684,train
573.13268,hc10_21340,train
573.13269,hc10_22231,test
573.13270,hc10_22219,calibration
573.13271,hc10_5641,test
573.13272,hc10_22259,train
573.13273,hc10_22260,train
573.13274,hc10_1684,train
573.13275,hc10_21418,train
573.13276,hc10_1684,train
573.13277,hc10_21687,test
573.13278,hc10_1684,train
573.13279,hc10_22263,train
573.13280,hc10_21647,test
573.13281,hc10_5641,test
573.13282,hc10_21690,test
573.13283,hc10_21647,test
573.13284,hc10_21692,train
573.13285,hc10_22219,calibration
573.13286,hc10_22265,test
573.13287,hc10_22239,calibration
573.13288,hc10_5638,train
573.13289,hc10_1684,train
573.13290,hc10_1684,train
573.13291,hc10_22219,calibration
573.13292,hc10_1684,train
573.13293,hc10_21647,test
573.13294,hc10_22271,calibration
573.13295,hc10_22272,train
573.13298,hc10_22272,train
573.13299,hc10_22219,calibration
573.13300,hc10_22259,train
573.13301,hc10_22278,test
573.13302,hc10_22279,train
573.13303,hc10_22239,calibration
573.13304,hc10_22281,train
573.13305,hc10_22219,calibration
573.13306,hc10_22283,calibration
573.13307,hc10_22239,calibration
573.13308,hc10_22231,test
573.13309,hc10_22286,train
573.13310,hc10_21652,train
573.13311,hc10_22219,calibration
573.13312,hc10_21696,train
573.13313,hc10_21647,test
573.13314,hc10_21698,train
573.13315,hc10_21647,test
573.13316,hc10_21647,test
573.13317,hc10_21701,train
573.13318,hc10_21702,train
573.13319,hc10_21702,train
573.13321,hc10_21704,test
573.13322,hc10_21617,train
573.13323,hc10_22288,train
573.13324,hc10_5641,test
573.13325,hc10_21707,train
573.13326,hc10_21647,test
573.13328,hc10_1684,train
573.13329,hc10_22259,train
573.13330,hc10_22259,train
573.13331,hc10_22291,train
573.13333,hc10_1684,train
573.13334,hc10_1684,train
573.13335,hc10_5698,train
573.13336,hc10_21972,train
573.13338,hc10_22219,calibration
573.13340,hc10_1684,train
573.13341,hc10_21938,train
573.13342,hc10_21946,train
573.13343,hc10_22239,calibration
573.13344,hc10_21976,calibration
573.13346,hc10_5699,test
573.13347,hc10_5647,test
573.13348,hc10_5701,train
573.13349,hc10_5702,test
573.13350,hc10_5703,train
573.13352,hc10_5704,train
573.13354,hc10_21711,train
573.13356,hc10_21937,train
573.13357,hc10_21978,train
573.13358,hc10_5699,test
573.13360,hc10_22219,calibration
573.13361,hc10_21938,train
573.13362,hc10_21938,train
573.13364,hc10_21714,test
573.13365,hc10_5705,train
573.13366,hc10_21982,train
573.13368,hc10_5706,train
573.13369,hc10_5707,train
573.13370,hc10_21983,train
573.13371,hc10_21647,test
573.13372,hc10_5708,calibration
573.13373,hc10_21647,test
573.13374,hc10_21702,train
573.13375,hc10_21702,train
573.13376,hc10_21984,train
573.13377,hc10_1684,train
573.13378,hc10_21938,train
573.13379,hc10_21987,train
573.13380,hc10_21988,train
573.13381,hc10_5657,train
573.13382,hc10_1684,train
573.13384,hc10_21988,train
573.13386,hc10_21992,test
573.13387,hc10_21946,train
573.13388,hc10_1684,train
573.13389,hc10_21995,train
573.13390,hc10_5707,train
573.13391,hc10_5708,calibration
573.13392,hc10_21988,train
573.13393,hc10_1684,train
573.13394,hc10_5641,test
573.13395,hc10_21720,train
573.13396,hc10_5713,train
573.13397,hc10_5705,train
573.13398,hc10_5715,train
573.13399,hc10_5641,test
573.13400,hc10_5641,test
573.13401,hc10_5716,calibration
573.13402,hc10_5647,test
573.13403,hc10_22298,train
573.13405,hc10_1684,train
573.13406,hc10_21999,train
573.13411,hc10_21723,test
573.13412,hc10_21617,train
573.13413,hc10_21647,test
573.13414,hc10_22278,test
573.13415,hc10_22219,calibration
573.13416,hc10_21647,test
573.13418,hc10_5642,train
573.13419,hc10_5719,train
573.13422,hc10_21727,train
573.13424,hc10_1684,train
573.13425,hc10_1684,train
573.13427,hc10_5722,train
573.13428,hc10_21924,train
573.13429,hc10_21938,train
573.13430,hc10_21673,train
573.13431,hc10_21617,train
573.13432,hc10_5723,train
573.13434,hc10_21730,train
573.13435,hc10_21731,train
573.13436,hc10_21732,train
573.13437,hc10_21720,train
573.13438,hc10_1684,train
573.13440,hc10_21617,train
573.13441,hc10_21647,test
573.13444,hc10_22239,calibration
573.13445,hc10_22239,calibration
573.13446,hc10_22219,calibration
573.13447,hc10_22219,calibration
573.13448,hc10_5647,test
573.13450,hc10_5647,test
573.13451,hc10_1684,train
573.13452,hc10_22004,train
573.13453,hc10_22308,train
573.13454,hc10_1684,train
573.13455,hc10_5647,test
573.13457,hc10_22310,train
573.13458,hc10_22311,calibration
573.13459,hc10_22291,train
573.13460,hc10_5641,test
573.13461,hc10_21617,train
573.13463,hc10_21647,test
573.13464,hc10_12668,train
573.13465,hc10_21359,train
573.13466,hc10_21742,train
573.13467,hc10_21647,test
573.13468,hc10_21938,train
573.13469,hc10_22219,calibration
573.13470,hc10_22232,train
573.13471,hc10_4249,calibration
573.13472,hc10_21978,train
573.13473,hc10_22008,test
573.13474,hc10_21742,train
573.13475,hc10_21690,test
573.13476,hc10_22316,train
573.13477,hc10_21617,train
573.13478,hc10_21938,train
573.13479,hc10_21939,train
573.13481,hc10_22012,train
573.13482,hc10_1684,train
573.13483,hc10_1684,train
573.13486,hc10_22317,train
573.13487,hc10_22259,train
573.13488,hc10_22259,train
573.13489,hc10_22013,calibration
573.13490,hc10_21938,train
573.13491,hc10_21938,train
573.13493,hc10_1684,train
573.13494,hc10_5641,test
573.13495,hc10_1684,train
573.13496,hc10_5737,calibration
573.13497,hc10_5738,calibration
573.13498,hc10_5739,train
573.13499,hc10_1684,train
573.13500,hc10_1684,train
573.13501,hc10_22017,train
573.13502,hc10_21938,train
573.13503,hc10_22239,calibration
573.13504,hc10_21701,train
573.13506,hc10_22255,train
573.13507,hc10_22286,train
573.13508,hc10_22323,test
573.13509,hc10_22324,train
573.13510,hc10_21946,train
573.13511,hc10_5655,test
573.13512,hc10_1684,train
573.13513,hc10_5674,train
573.13514,hc10_5744,train
573.13515,hc10_5745,calibration
573.13516,hc10_22325,train
573.13517,hc10_1684,train
573.13518,hc10_5647,test
573.13519,hc10_1684,train
573.13520,hc10_1684,train
573.13521,hc10_5744,train
573.13522,hc10_1684,train
573.13524,hc10_17150,train
573.13525,hc10_17151,test
573.13526,hc10_1684,train
573.13528,hc10_17154,train
573.13529,hc10_22239,calibration
573.13530,hc10_22219,calibration
573.13531,hc10_17148,train
573.13532,hc10_17156,test
573.13533,hc10_1684,train
573.13534,hc10_22259,train
573.13535,hc10_12660,calibration
573.13537,hc10_12661,train
573.13538,hc10_12662,train
573.13539,hc10_22219,calibration
573.13540,hc10_12664,train
573.13541,hc10_22239,calibration
573.13542,hc10_17157,calibration
573.13543,hc10_12665,test
573.13544,hc10_22219,calibration
573.13545,hc10_22254,train
573.13546,hc10_22239,calibration
573.13547,hc10_22334,test
573.13548,hc10_17158,train
573.13549,hc10_12666,train
573.13550,hc10_12665,test
573.13551,hc10_1684,train
573.13552,hc10_22239,calibration
573.13553,hc10_22232,train
573.13555,hc10_22338,train
573.13557,hc10_12669,train
573.13558,hc10_1684,train
573.13559,hc10_22222,train
573.13560,hc10_1684,train
573.13561,hc10_12672,calibration
573.13562,hc10_12673,train
573.13563,hc10_12665,test
573.13564,hc10_12675,train
573.13565,hc10_17148,train
573.13567,hc10_17146,train
573.13568,hc10_17163,train
573.13569,hc10_17164,train
573.13571,hc10_17166,train
573.13572,hc10_17167,test
573.13573,hc10_17168,test
573.13574,hc10_1684,train
573.13575,hc10_12676,test
573.13576,hc10_12677,train
573.13577,hc10_1684,train
573.13578,hc10_22239,calibration
573.13579,hc10_22219,calibration
573.13580,hc10_22259,train
573.13581,hc10_17170,train
573.13582,hc10_17124,calibration
573.13583,hc10_17172,train
573.13584,hc10_17173,train
573.13585,hc10_22239,calibration
573.13586,hc10_17174,train
573.13587,hc10_22239,calibration
573.13588,hc10_22345,train
573.13589,hc10_22346,test
573.13590,hc10_22219,calibration
573.13593,hc10_22239,calibration
573.13594,hc10_22219,calibration
573.13595,hc10_22352,test
573.13596,hc10_22219,calibration
573.13597,hc10_22219,calibration
573.13598,hc10_22219,calibration
573.13599,hc10_21924,train
573.13600,hc10_21938,train
573.13601,hc10_21944,train
573.13602,hc10_1684,train
573.13603,hc10_21938,train
573.13604,hc10_22356,train
573.13606,hc10_21972,train
573.13607,hc10_22219,calibration
573.13609,hc10_12672,calibration
573.13610,hc10_1684,train
573.13611,hc10_22292,train
573.13612,hc10_22239,calibration
573.13613,hc10_22346,test
573.13614,hc10_22362,test
573.13615,hc10_12682,train
573.13616,hc10_12665,test
573.13617,hc10_21938,train
573.13619,hc10_21937,train
573.13620,hc10_22219,calibration
573.13621,hc10_22229,train
573.13623,hc10_22255,train
573.13624,hc10_17172,train
573.13625,hc10_12684,train
573.13626,hc10_1684,train
573.13627,hc10_17176,train
573.13628,hc10_17177,train
573.13629,hc10_17173,train
573.13630,hc10_17179,test
573.13631,hc10_17180,train
573.13632,hc10_22028,train
573.13633,hc10_21978,train
573.13634,hc10_22239,calibration
573.13636,hc10_22368,train
573.13637,hc10_22369,calibration
573.13638,hc10_22219,calibration
573.13639,hc10_17182,train
573.13640,hc10_17158,train
573.13641,hc10_12686,train
573.13642,hc10_12687,train
573.13643,hc10_17172,train
573.13644,hc10_1684,train
573.13645,hc10_12675,train
573.13646,hc10_12672,calibration
573.13647,hc10_17185,train
573.13648,hc10_17168,test
573.13649,hc10_17187,test
573.13650,hc10_22371,train
573.13653,hc10_17148,train
573.13654,hc10_17190,train
573.13655,hc10_17191,calibration
573.13656,hc10_17192,train
573.13657,hc10_1684,train
573.13658,hc10_12672,calibration
573.13659,hc10_1684,train
573.13660,hc10_22586,train
573.13661,hc10_1684,train
573.13663,hc10_22589,test
573.13665,hc10_5641,test
573.13666,hc10_21944,train
573.13667,hc10_21939,train
573.13668,hc10_22033,train
573.13669,hc10_22034,train
573.13670,hc10_21938,train
573.13671,hc10_12694,train
573.13672,hc10_12695,train
573.13673,hc10_12696,calibration
573.13674,hc10_12697,train
573.13675,hc10_12698,train
573.13676,hc10_17168,test
573.13677,hc10_12686,train
573.13678,hc10_22592,test
573.13679,hc10_21422,train
573.13680,hc10_22593,train
573.13681,hc10_22594,train
573.13682,hc10_22595,train
573.13683,hc10_1684,train
573.13684,hc10_22595,train
573.13685,hc10_22598,train
573.13686,hc10_22598,train
573.13687,hc10_22600,train
573.13688,hc10_1684,train
573.13689,hc10_1684,train
573.13690,hc10_21938,train
573.13691,hc10_22037,train
573.13692,hc10_22602,train
573.13693,hc10_22603,test
573.13694,hc10_1684,train
573.13695,hc10_12700,train
573.13696,hc10_12700,train
573.13697,hc10_22594,train
573.13698,hc10_22606,train
573.13699,hc10_5641,test
573.13700,hc10_22608,train
573.13701,hc10_12702,calibration
573.13702,hc10_1684,train
573.13705,hc10_22374,train
573.13706,hc10_5641,test
573.13707,hc10_21423,train
573.13708,hc10_12705,test
573.13709,hc10_21340,train
573.13710,hc10_21340,train
573.13711,hc10_22375,train
573.13712,hc10_22219,calibration
573.13713,hc10_22219,calibration
573.13714,hc10_21426,train
573.13715,hc10_21335,calibration
573.13716,hc10_21428,calibration
573.13717,hc10_21429,train
573.13718,hc10_1684,train
573.13719,hc10_21431,calibration
573.13720,hc10_21432,train
573.13721,hc10_5641,test
573.13722,hc10_1684,train
573.13723,hc10_21435,train
573.13724,hc10_22610,train
573.13725,hc10_22593,train
573.13726,hc10_22612,test
573.13727,hc10_1684,train
573.13728,hc10_1684,train
573.13729,hc10_21435,train
573.13730,hc10_22378,train
573.13731,hc10_21340,train
573.13733,hc10_21438,train
573.13734,hc10_1684,train
573.13736,hc10_21441,train
573.13737,hc10_5641,test
573.13738,hc10_21422,train
573.13739,hc10_22615,train
573.13740,hc10_22616,test
573.13741,hc10_5641,test
573.13742,hc10_22618,train
573.13743,hc10_5641,test
573.13744,hc10_22620,train
573.13745,hc10_22621,train
573.13746,hc10_22602,train
573.13747,hc10_22623,train
573.13748,hc10_21444,train
573.13749,hc10_21325,train
573.13750,hc10_1684,train
573.13751,hc10_1684,train
573.13752,hc10_22380,train
573.13754,hc10_22624,train
573.13755,hc10_22602,train
573.13756,hc10_5641,test
573.13757,hc10_1684,train
573.13758,hc10_22271,calibration
573.13759,hc10_5641,test
573.13760,hc10_1684,train
573.13761,hc10_22219,calibration
573.13762,hc10_22627,calibration
573.13763,hc10_22628,train
573.13765,hc10_5641,test
573.13766,hc10_21647,test
573.13769,hc10_21753,test
573.13770,hc10_1684,train
573.13771,hc10_21754,train
573.13772,hc10_21339,train
573.13773,hc10_21325,train
573.13774,hc10_21451,train
573.13775,hc10_21325,train
573.13777,hc10_21340,train
573.13778,hc10_21325,train
573.13779,hc10_22219,calibration
573.13780,hc10_22219,calibration
573.13781,hc10_21325,train
573.13782,hc10_21647,test
573.13783,hc10_1684,train
573.13784,hc10_21617,train
573.13785,hc10_22630,train
573.13787,hc10_21456,test
573.13788,hc10_22593,train
573.13790,hc10_21660,train
573.13792,hc10_22278,test
573.13793,hc10_21335,calibration
573.13794,hc10_21758,train
573.13796,hc10_22391,calibration
573.13797,hc10_22239,calibration
573.13798,hc10_21759,test
573.13799,hc10_21760,train
573.13800,hc10_21761,train
573.13801,hc10_21762,train
573.13802,hc10_21617,train
573.13803,hc10_21617,train
573.13804,hc10_22229,train
573.13805,hc10_21429,train
573.13806,hc10_5641,test
573.13807,hc10_21340,train
573.13808,hc10_22595,train
573.13809,hc10_21422,train
573.13810,hc10_1684,train
573.13811,hc10_22602,train
573.13812,hc10_22602,train
573.13813,hc10_1684,train
573.13814,hc10_22594,train
573.13815,hc10_21429,train
573.13816,hc10_1684,train
573.13817,hc10_21432,train
573.13818,hc10_21466,test
573.13819,hc10_1684,train
573.13820,hc10_21440,train
573.13821,hc10_21469,test
573.13823,hc10_21339,train
573.13824,hc10_21325,train
573.13825,hc10_21432,train
573.13826,hc10_21473,train
573.13827,hc10_21474,test
573.13828,hc10_21474,test
573.13829,hc10_5641,test
573.13830,hc10_1684,train
573.13831,hc10_22229,train
573.13832,hc10_1684,train
573.13833,hc10_21924,train
573.13834,hc10_22040,train
573.13836,hc10_22395,calibration
573.13838,hc10_21325,train
573.13839,hc10_21466,test
573.13840,hc10_22239,calibration
573.13841,hc10_22041,test
573.13842,hc10_22239,calibration
573.13843,hc10_22042,train
573.13844,hc10_22043,train
573.13845,hc10_21480,train
573.13846,hc10_21938,train
573.13847,hc10_21938,train
573.13848,hc10_21481,train
573.13849,hc10_21617,train
573.13850,hc10_22239,calibration
573.13851,hc10_22046,calibration
573.13852,hc10_21938,train
573.13854,hc10_1684,train
573.13855,hc10_1684,train
573.13856,hc10_5641,test
573.13857,hc10_21652,train
573.13858,hc10_21620,train
573.13859,hc10_21770,train
573.13861,hc10_21938,train
573.13862,hc10_21946,train
573.13863,hc10_22034,train
573.13865,hc10_21944,train
573.13866,hc10_12706,train
573.13867,hc10_21482,test
573.13868,hc10_21422,train
573.13869,hc10_21474,test
573.13870,hc10_21485,train
573.13871,hc10_21422,train
573.13872,hc10_21325,train
573.13873,hc10_21488,train
573.13875,hc10_21376,calibration
573.13876,hc10_17196,train
573.13877,hc10_17196,train
573.13878,hc10_5641,test
573.13879,hc10_12665,test
573.13880,hc10_12669,train
573.13881,hc10_17198,calibration
573.13882,hc10_17199,train
573.13883,hc10_21440,train
573.13884,hc10_17180,train
573.13886,hc10_12675,train
573.13887,hc10_12665,test
573.13888,hc10_12682,train
573.13889,hc10_12682,train
573.13891,hc10_12714,calibration
573.13892,hc10_12715,test
573.13893,hc10_5641,test
573.13894,hc10_12675,train
573.13895,hc10_21492,train
573.13897,hc10_12695,train
573.13898,hc10_1684,train
573.13899,hc10_12720,test
573.13900,hc10_21937,train
573.13901,hc10_22055,train
573.13902,hc10_12696,calibration
573.13903,hc10_1684,train
573.13904,hc10_5641,test
573.13905,hc10_17154,train
573.13906,hc10_21944,train
573.13907,hc10_21959,train
573.13909,hc10_22059,train
573.13910,hc10_21939,train
573.13912,hc10_21496,test
573.13913,hc10_5641,test
573.13915,hc10_22061,train
573.13916,hc10_12672,calibration
573.13917,hc10_5641,test
573.13918,hc10_12672,calibration
573.13919,hc10_21937,train
573.13920,hc10_5641,test
573.13921,hc10_17173,train
573.13922,hc10_17204,test
573.13923,hc10_17151,test
573.13924,hc10_17206,calibration
573.13925,hc10_17207,train
573.13926,hc10_17164,train
573.13927,hc10_17204,test
573.13929,hc10_21499,train
573.13930,hc10_21340,train
573.13931,hc10_21325,train
573.13932,hc10_21502,calibration
573.13933,hc10_21325,train
573.13934,hc10_17210,train
573.13935,hc10_17211,train
573.13936,hc10_21482,test
573.13937,hc10_21325,train
573.13938,hc10_21506,test
573.13939,hc10_21325,train
573.13940,hc10_21325,train
573.13941,hc10_21340,train
573.13942,hc10_21325,train
573.13943,hc10_21440,train
573.13945,hc10_12728,train
573.13947,hc10_1684,train
573.13948,hc10_17425,train
573.13949,hc10_17426,train
573.13950,hc10_17427,train
573.13951,hc10_17428,train
573.13952,hc10_12675,train
573.13953,hc10_5641,test
573.13954,hc10_12731,test
573.13955,hc10_12669,train
573.13956,hc10_12731,test
573.13958,hc10_21514,test
573.13959,hc10_1684,train
573.13960,hc10_21938,train
573.13961,hc10_1684,train
573.13962,hc10_21987,train
573.13963,hc10_12734,train
573.13964,hc10_12735,train
573.13965,hc10_12675,train
573.13966,hc10_12696,calibration
573.13967,hc10_12738,calibration
573.13969,hc10_12720,test
573.13970,hc10_1684,train
573.13971,hc10_21944,train
573.13972,hc10_21339,train
573.13973,hc10_12675,train
573.13974,hc10_21946,train
573.13975,hc10_21325,train
573.13976,hc10_1684,train
573.13977,hc10_17425,train
573.13978,hc10_21938,train
573.13979,hc10_12676,test
573.13980,hc10_12743,train
573.13981,hc10_12665,test
573.13982,hc10_1684,train
573.13983,hc10_12676,test
573.13984,hc10_21519,train
573.13985,hc10_21339,train
573.13987,hc10_21771,test
573.13988,hc10_21771,test
573.13989,hc10_21617,train
573.13990,hc10_21944,train
573.13991,hc10_21617,train
573.13992,hc10_21775,calibration
573.13993,hc10_12746,train
573.13994,hc10_12747,train
573.13996,hc10_21523,train
573.13998,hc10_5641,test
573.13999,hc10_12750,train
573.14000,hc10_5641,test
573.14001,hc10_21339,train
573.14002,hc10_1684,train
573.14003,hc10_5641,test
573.14004,hc10_12720,test
573.14005,hc10_1684,train
573.14006,hc10_5641,test
573.14007,hc10_1684,train
573.14008,hc10_1684,train
573.14009,hc10_21340,train
573.14010,hc10_1684,train
573.14011,hc10_1684,train
573.14012,hc10_5641,test
573.14013,hc10_21532,test
573.14014,hc10_21533,train
573.14015,hc10_1684,train
573.14016,hc10_1684,train
573.14017,hc10_1684,train
573.14018,hc10_12676,test
573.14019,hc10_1684,train
573.14020,hc10_1684,train
573.14022,hc10_5641,test
573.14023,hc10_5641,test
573.14024,hc10_1684,train
573.14026,hc10_12698,train
573.14028,hc10_1684,train
573.14029,hc10_1684,train
573.14030,hc10_1684,train
573.14032,hc10_21545,train
573.14033,hc10_21325,train
573.14034,hc10_12720,test
573.14035,hc10_12761,train
573.14036,hc10_21325,train
573.14037,hc10_12700,train
573.14038,hc10_1684,train
573.14039,hc10_1684,train
573.14040,hc10_12665,test
573.14041,hc10_1684,train
573.14042,hc10_12761,train
573.14044,hc10_1684,train
573.14045,hc10_21944,train
573.14046,hc10_22076,calibration
573.14047,hc10_12766,train
573.14048,hc10_12676,test
573.14049,hc10_5641,test
573.14050,hc10_21938,train
573.14051,hc10_12720,test
573.14052,hc10_21938,train
573.14054,hc10_22080,calibration
573.14055,hc10_21972,train
573.14056,hc10_21937,train
573.14057,hc10_22033,train
573.14059,hc10_22085,train
573.14060,hc10_21325,train
573.14061,hc10_21944,train
573.14062,hc10_21959,train
573.14065,hc10_12675,train
573.14067,hc10_1684,train
573.14068,hc10_1684,train
573.14069,hc10_1684,train
573.14072,hc10_22092,test
573.14073,hc10_21983,train
573.14075,hc10_21972,train
573.14078,hc10_1684,train
573.14079,hc10_22013,calibration
573.14080,hc10_1684,train
573.14081,hc10_21938,train
573.14082,hc10_22101,train
573.14083,hc10_1684,train
573.14084,hc10_21325,train
573.14085,hc10_12675,train
573.14088,hc10_1684,train
573.14089,hc10_1684,train
573.14090,hc10_21938,train
573.14091,hc10_21946,train
573.14092,hc10_1684,train
573.14093,hc10_1684,train
573.14094,hc10_21779,train
573.14095,hc10_21780,train
573.14096,hc10_21730,train
573.14097,hc10_21617,train
573.14098,hc10_5641,test
573.14099,hc10_21645,train
573.14100,hc10_22106,test
573.14103,hc10_21652,train
573.14105,hc10_21617,train
573.14106,hc10_21647,test
573.14107,hc10_1684,train
573.14108,hc10_22109,train
573.14109,hc10_1684,train
573.14110,hc10_1684,train
573.14111,hc10_1684,train
573.14112,hc10_1684,train
573.14113,hc10_1684,train
573.14114,hc10_21617,train
573.14116,hc10_21647,test
573.14118,hc10_21325,train
573.14119,hc10_21376,calibration
573.14120,hc10_22110,train
573.14121,hc10_21647,test
573.14122,hc10_21617,train
573.14123,hc10_1684,train
573.14124,hc10_1684,train
573.14125,hc10_21938,train
573.14127,hc10_1684,train
573.14128,hc10_21938,train
573.14129,hc10_22117,train
573.14130,hc10_1684,train
573.14131,hc10_1684,train
573.14132,hc10_1684,train
573.14133,hc10_1684,train
573.14134,hc10_21562,train
573.14135,hc10_21563,test
573.14137,hc10_21325,train
573.14138,hc10_1684,train
573.14139,hc10_21325,train
573.14140,hc10_1684,train
573.14141,hc10_21376,calibration
573.14142,hc10_21570,train
573.14143,hc10_1684,train
573.14146,hc10_21325,train
573.14147,hc10_1684,train
573.14148,hc10_21325,train
573.14149,hc10_21576,train
573.14150,hc10_22118,test
573.14151,hc10_21720,train
573.14153,hc10_21617,train
573.14154,hc10_21577,train
573.14155,hc10_21376,calibration
573.14156,hc10_1684,train
573.14158,hc10_21325,train
573.14160,hc10_21582,train
573.14161,hc10_21339,train
573.14162,hc10_1684,train
573.14164,hc10_22004,train
573.14166,hc10_21944,train
573.14167,hc10_21944,train
573.14168,hc10_21944,train
573.14169,hc10_22041,test
573.14170,hc10_22126,train
573.14172,hc10_1684,train
573.14173,hc10_21587,train
573.14174,hc10_1684,train
573.14175,hc10_21325,train
573.14176,hc10_1684,train
573.14177,hc10_21946,train
573.14179,hc10_21701,train
573.14180,hc10_21801,calibration
573.14181,hc10_21617,train
573.14182,hc10_5641,test
573.14183,hc10_21804,train
573.14184,hc10_5641,test
573.14185,hc10_21938,train
573.14186,hc10_21591,test
573.14188,hc10_21944,train
573.14189,hc10_21806,train
573.14190,hc10_21339,train
573.14191,hc10_21593,train
573.14192,hc10_1684,train
573.14193,hc10_5641,test
573.14194,hc10_21339,train
573.14195,hc10_1684,train
573.14196,hc10_1684,train
573.14197,hc10_21340,train
573.14198,hc10_21600,train
573.14199,hc10_21429,train
573.14200,hc10_5641,test
573.14201,hc10_21603,train
573.14202,hc10_1684,train
573.14203,hc10_21339,train
573.14204,hc10_21647,test
573.14205,hc10_21606,test
573.14206,hc10_21325,train
573.14207,hc10_1684,train
573.14208,hc10_21339,train
573.14209,hc10_1684,train
573.14210,hc10_21944,train
573.14211,hc10_21939,train
573.14212,hc10_21645,train
573.14213,hc10_21587,train
573.14214,hc10_21612,train
573.14215,hc10_1684,train
573.14216,hc10_22133,calibration
573.14217,hc10_1684,train
573.14218,hc10_22133,calibration
573.14219,hc10_21970,train
573.14220,hc10_21944,train
573.14221,hc10_22080,calibration
573.14222,hc10_21944,train
573.14223,hc10_21946,train
573.14224,hc10_22133,calibration
573.14225,hc10_21944,train
573.14227,hc10_21647,test
573.14228,hc10_21617,train
573.14229,hc10_21812,train
573.14230,hc10_21617,train
573.14231,hc10_22143,calibration
573.14232,hc10_21944,train
573.14233,hc10_21946,train
573.14234,hc10_21944,train
573.14235,hc10_22147,train
573.14236,hc10_1684,train
573.14237,hc10_22149,train
573.14238,hc10_21944,train
573.14239,hc10_21946,train
573.14240,hc10_21946,train
573.14241,hc10_5641,test
573.14243,hc10_21617,train
573.14244,hc10_21647,test
573.14245,hc10_22004,train
573.14246,hc10_1684,train
573.14247,hc10_21944,train
573.14248,hc10_1684,train
573.14249,hc10_22157,test
573.14250,hc10_21938,train
573.14251,hc10_21938,train
573.14252,hc10_1684,train
573.14253,hc10_21647,test
573.14254,hc10_21617,train
573.14255,hc10_21938,train
573.14257,hc10_21939,train
573.14258,hc10_21939,train
573.14259,hc10_21652,train
573.14260,hc10_21617,train
573.14261,hc10_21617,train
573.14263,hc10_21617,train
573.14264,hc10_1684,train
573.14265,hc10_22164,train
573.14266,hc10_21938,train
573.14267,hc10_22033,train
573.14268,hc10_1684,train
573.14269,hc10_21617,train
573.14270,hc10_21701,train
573.14271,hc10_21720,train
573.14272,hc10_21830,train
573.14273,hc10_21647,test
573.14274,hc10_21647,test
573.14275,hc10_21647,test
573.14276,hc10_21834,train
573.14278,hc10_21647,test
573.14279,hc10_21995,train
573.14280,hc10_21938,train
573.14281,hc10_21837,calibration
573.14282,hc10_5641,test
573.14283,hc10_22222,train
573.14284,hc10_21944,train
573.14285,hc10_21944,train
573.14286,hc10_1684,train
573.14287,hc10_21647,test
573.14288,hc10_22222,train
573.14289,hc10_5641,test
573.14290,hc10_1684,train
573.14291,hc10_21647,test
573.14292,hc10_21645,train
573.14293,hc10_5641,test
573.14294,hc10_21845,train
573.14295,hc10_21720,train
573.14296,hc10_1684,train
573.14297,hc10_22405,test
573.14298,hc10_21652,train
573.14299,hc10_22308,train
573.14300,hc10_21732,train
573.14301,hc10_21850,train
573.14302,hc10_21851,train
573.14303,hc10_22229,train
573.14304,hc10_22408,test
573.14305,hc10_22173,train
573.14306,hc10_22409,train
573.14307,hc10_21938,train
573.14308,hc10_22239,calibration
573.14309,hc10_22411,calibration
573.14310,hc10_22219,calibration
573.14311,hc10_22219,calibration
573.14312,hc10_22414,train
573.14313,hc10_22239,calibration
573.14314,hc10_22219,calibration
573.14315,hc10_21617,train
573.14316,hc10_21673,train
573.14317,hc10_21617,train
573.14319,hc10_21647,test
573.14320,hc10_21652,train
573.14321,hc10_21617,train
573.14322,hc10_22219,calibration
573.14323,hc10_21617,train
573.14324,hc10_21637,test
573.14325,hc10_22219,calibration
573.14326,hc10_22419,train
573.14327,hc10_22420,train
573.14328,hc10_22421,train
573.14329,hc10_22239,calibration
573.14331,hc10_22419,train
573.14332,hc10_22259,train
573.14333,hc10_21860,train
573.14334,hc10_21861,train
573.14335,hc10_21845,train
573.14337,hc10_21864,train
573.14339,hc10_21645,train
573.14340,hc10_21647,test
573.14341,hc10_21864,train
573.14342,hc10_21645,train
573.14343,hc10_22414,train
573.14344,hc10_22278,test
573.14345,hc10_22414,train
573.14346,hc10_22219,calibration
573.14347,hc10_22219,calibration
573.14348,hc10_22414,train
573.14349,hc10_22219,calibration
573.14350,hc10_12747,train
573.14351,hc10_22219,calibration
573.14352,hc10_21870,train
573.14353,hc10_21938,train
573.14354,hc10_21617,train
573.14355,hc10_1684,train
573.14356,hc10_1684,train
573.14357,hc10_12672,calibration
573.14358,hc10_12669,train
573.14359,hc10_21872,train
573.14360,hc10_21730,train
573.14361,hc10_21647,test
573.14362,hc10_21645,train
573.14363,hc10_21702,train
573.14364,hc10_12665,test
573.14365,hc10_22178,calibration
573.14366,hc10_17430,train
573.14367,hc10_17431,train
573.14368,hc10_21617,train
573.14369,hc10_21878,train
573.14371,hc10_17428,train
573.14372,hc10_12781,train
573.14373,hc10_17433,test
573.14374,hc10_17434,train
573.14376,hc10_22433,train
573.14377,hc10_1684,train
573.14378,hc10_12665,test
573.14379,hc10_22414,train
573.14380,hc10_22219,calibration
573.14381,hc10_22414,train
573.14382,hc10_12665,test
573.14383,hc10_1684,train
573.14384,hc10_12785,train
573.14385,hc10_12660,calibration
573.14386,hc10_22438,test
573.14387,hc10_22439,calibration
573.14388,hc10_22222,train
573.14389,hc10_22219,calibration
573.14391,hc10_1684,train
573.14392,hc10_12720,test
573.14394,hc10_5641,test
573.14395,hc10_5641,test
573.14396,hc10_21881,train
573.14398,hc10_21647,test
573.14399,hc10_21730,train
573.14400,hc10_17425,train
573.14401,hc10_22308,train
573.14402,hc10_12698,train
573.14403,hc10_21885,train
573.14404,hc10_21647,test
573.14405,hc10_17437,test
573.14406,hc10_1684,train
573.14407,hc10_17439,train
573.14408,hc10_17440,train
573.14409,hc10_17425,train
573.14410,hc10_17442,test
573.14411,hc10_12791,train
573.14413,hc10_21647,test
573.14415,hc10_21845,train
573.14416,hc10_21845,train
573.14417,hc10_12669,train
573.14418,hc10_12669,train
573.14419,hc10_12731,test
573.14420,hc10_12795,train
573.14421,hc10_12720,test
573.14422,hc10_12797,calibration
573.14423,hc10_21637,test
573.14424,hc10_21647,test
573.14425,hc10_21617,train
573.14426,hc10_1684,train
573.14427,hc10_22444,test
573.14428,hc10_17443,train
573.14430,hc10_12672,calibration
573.14431,hc10_17444,train
573.14432,hc10_17445,train
573.14433,hc10_1684,train
573.14434,hc10_17428,train
573.14436,hc10_1684,train
573.14437,hc10_17431,train
573.14438,hc10_1684,train
573.14440,hc10_17452,test
573.14441,hc10_17428,train
573.14442,hc10_1684,train
573.14443,hc10_17455,train
573.14444,hc10_17456,train
573.14445,hc10_17440,train
573.14446,hc10_22229,train
573.14447,hc10_22229,train
573.14448,hc10_22219,calibration
573.14449,hc10_12669,train
573.14451,hc10_22239,calibration
573.14452,hc10_12672,calibration
573.14455,hc10_1684,train
573.14456,hc10_12675,train
573.14458,hc10_12669,train
573.14459,hc10_22219,calibration
573.14460,hc10_21645,train
573.14461,hc10_17430,train
573.14462,hc10_17428,train
573.14464,hc10_22219,calibration
573.14465,hc10_12665,test
573.14466,hc10_12665,test
573.14467,hc10_1684,train
573.14468,hc10_22259,train
573.14469,hc10_12809,train
573.14470,hc10_22219,calibration
573.14471,hc10_22229,train
573.14472,hc10_1684,train
573.14473,hc10_1684,train
573.14474,hc10_21647,test
573.14475,hc10_5641,test
573.14477,hc10_17456,train
573.14478,hc10_17462,calibration
573.14480,hc10_12665,test
573.14481,hc10_22259,train
573.14482,hc10_22271,calibration
573.14483,hc10_17428,train
573.14484,hc10_17464,train
573.14485,hc10_17428,train
573.14486,hc10_17466,train
573.14487,hc10_1684,train
573.14488,hc10_22219,calibration
573.14489,hc10_22219,calibration
573.14490,hc10_22259,train
573.14491,hc10_21946,train
573.14492,hc10_22229,train
573.14493,hc10_22463,test
573.14494,hc10_21944,train
573.14495,hc10_21944,train
573.14496,hc10_21643,train
573.14497,hc10_1684,train
573.14498,hc10_21938,train
573.14499,hc10_22183,train
573.14500,hc10_21937,train
573.14501,hc10_1684,train
573.14503,hc10_21652,train
573.14504,hc10_22219,calibration
573.14505,hc10_22444,test
573.14506,hc10_22466,train
573.14507,hc10_21938,train
573.14508,hc10_1684,train
573.14509,hc10_21617,train
573.14510,hc10_21904,train
573.14511,hc10_22259,train
573.14512,hc10_22239,calibration
573.14513,hc10_21944,train
573.14514,hc10_21924,train
573.14515,hc10_21924,train
573.14516,hc10_22239,calibration
573.14517,hc10_22229,train
573.14518,hc10_21904,train
573.14519,hc10_1684,train
573.14520,hc10_21944,train
573.14521,hc10_1684,train
573.14522,hc10_21972,train
573.14523,hc10_21938,train
573.14524,hc10_21946,train
573.14525,hc10_21944,train
573.14526,hc10_21645,train
573.14527,hc10_21924,train
573.14528,hc10_1684,train
573.14529,hc10_21908,test
573.14530,hc10_21645,train
573.14531,hc10_5641,test
573.14532,hc10_21647,test
573.14533,hc10_22061,train
573.14534,hc10_21939,train
573.14535,hc10_1684,train
573.14536,hc10_22222,train
573.14537,hc10_22239,calibration
573.14538,hc10_21908,test
573.14539,hc10_22278,test
573.14540,hc10_22239,calibration
573.14541,hc10_1684,train
573.14542,hc10_21938,train
573.14543,hc10_22202,test
573.14544,hc10_21978,train
573.14545,hc10_21938,train
573.14546,hc10_22278,test
573.14547,hc10_21617,train
573.14548,hc10_22219,calibration
573.14549,hc10_1684,train
573.14550,hc10_21978,train
573.15042,hc10_25163,train
573.15043,hc10_25164,train
573.15044,hc10_25165,train
573.15107,hc10_25166,test
573.15108,hc10_25167,train
573.15217,hc10_25153,train
573.15329,hc10_25461,train
573.15360,hc10_26475,calibration
573.15361,hc10_25462,train
573.15362,hc10_25463,train
573.15364,hc10_26476,train
573.15366,hc10_25464,calibration
573.15367,hc10_25465,train
573.15368,hc10_25463,train
573.15369,hc10_25461,train
573.15370,hc10_25461,train
573.15371,hc10_25461,train
573.15372,hc10_26478,test
573.15373,hc10_26479,train
573.15374,hc10_26476,train
573.15375,hc10_26476,train
573.15376,hc10_25461,train
573.15377,hc10_25463,train
573.15420,mlst_MLST.Klebsiella_pneumoniae.258,train
573.15444,hc10_4844,train
573.15471,hc10_4850,train
573.15483,hc10_5217,test
573.15484,hc10_5205,train
573.15486,hc10_5192,train
573.15487,hc10_4858,calibration
573.15496,hc10_4839,train
573.15511,hc10_4873,train
573.15513,hc10_4875,test
573.15514,hc10_12397,train
573.15515,hc10_12398,train
573.15516,hc10_12399,train
573.15517,hc10_5227,train
573.15518,hc10_12828,calibration
573.15519,hc10_12399,train
573.15520,hc10_4876,train
573.15521,hc10_12829,calibration
573.15522,hc10_4877,train
573.15523,hc10_5228,train
573.15524,hc10_4878,train
573.15525,hc10_5229,train
573.15526,hc10_5230,train
573.15527,hc10_12830,test
573.15528,hc10_4879,train
573.15529,hc10_4880,train
573.15530,hc10_12831,test
573.15531,hc10_4881,train
573.15533,hc10_4882,train
573.15534,hc10_4883,calibration
573.15535,hc10_4880,train
573.15536,hc10_12832,train
573.15537,hc10_4885,train
573.15538,hc10_4886,train
573.15539,hc10_5231,test
573.15540,hc10_4887,test
573.15541,hc10_12401,train
573.15542,hc10_5232,train
573.15543,hc10_4888,calibration
573.15544,hc10_12402,train
573.15545,hc10_5233,train
573.15546,hc10_12833,test
573.15547,hc10_4889,test
573.15548,hc10_4890,train
573.15550,hc10_4892,train
573.15552,hc10_4893,train
573.15553,hc10_5234,test
573.15554,hc10_12834,train
573.15555,hc10_4879,train
573.15556,hc10_4879,train
573.15557,hc10_4894,train
573.15558,hc10_12835,train
573.15559,hc10_12836,test
573.15560,hc10_4895,train
573.15561,hc10_5236,train
573.15562,hc10_4896,train
573.15563,hc10_4897,calibration
573.15564,hc10_5237,train
573.15565,hc10_4898,test
573.15566,hc10_5238,train
573.15567,hc10_12404,train
573.15568,hc10_4899,train
573.15569,hc10_4900,train
573.15571,hc10_12837,test
573.15572,hc10_4901,train
573.15573,hc10_4902,train
573.15574,hc10_4903,calibration
573.15575,hc10_4904,train
573.15576,hc10_4905,calibration
573.15577,hc10_4906,train
573.15579,hc10_4905,calibration
573.15580,hc10_12838,train
573.15581,hc10_12839,test
573.15582,hc10_4908,train
573.15583,hc10_12832,train
573.15584,hc10_4909,train
573.15585,hc10_4910,train
573.15586,hc10_5239,train
573.15587,hc10_5240,test
573.15588,hc10_4911,train
573.15589,hc10_4912,train
573.15590,hc10_4913,train
573.15591,hc10_4911,train
573.15592,hc10_12831,test
573.15593,hc10_4915,train
573.15594,hc10_4916,train
573.15595,hc10_12838,train
573.15596,hc10_5241,test
573.15597,hc10_5242,train
573.15598,hc10_5243,train
573.15599,hc10_12833,test
573.15600,hc10_4917,calibration
573.15601,hc10_4918,train
573.15602,hc10_12844,train
573.15603,hc10_12845,train
573.15605,hc10_4919,test
573.15606,hc10_4920,train
573.15607,hc10_5244,calibration
573.15608,hc10_5245,train
573.15609,hc10_4921,train
573.15610,hc10_12838,train
573.15611,hc10_5246,test
573.15612,hc10_12405,train
573.15613,hc10_4915,train
573.15614,hc10_4915,train
573.15615,hc10_5247,train
573.15616,hc10_12831,test
573.15617,hc10_4924,calibration
573.15618,hc10_4915,train
573.15619,hc10_12848,train
573.15620,hc10_4926,train
573.15621,hc10_12406,test
573.15622,hc10_4927,train
573.15623,hc10_5244,calibration
573.15624,hc10_5249,train
573.15626,hc10_12844,train
573.15627,hc10_4928,calibration
573.15628,hc10_4929,train
573.15629,hc10_5250,train
573.15659,hc10_2028,train
573.15670,hc10_1488,train
573.15677,hc10_1477,train
573.15680,hc10_2019,test
573.15681,hc10_1477,train
573.15711,hc10_2037,train
573.1719,hc10_12957,test
573.1720,hc10_12958,train
573.1721,hc10_12959,train
573.1722,hc10_12959,train
573.1723,hc10_12961,train
573.1724,hc10_12961,train
573.1726,hc10_279,calibration
573.1727,hc10_279,calibration
573.1728,hc10_279,calibration
573.1729,hc10_279,calibration
573.1730,hc10_279,calibration
573.1731,hc10_279,calibration
573.1732,hc10_279,calibration
573.1733,hc10_12957,test
573.1734,hc10_12957,test
573.17908,hc10_25169,calibration
573.17914,hc10_25170,train
573.17915,hc10_25171,train
573.17927,hc10_25172,test
573.18086,hc10_25175,train
573.18087,hc10_25176,train
573.18088,hc10_25177,train
573.18090,hc10_25173,train
573.18093,hc10_67,calibration
573.18472,hc10_25388,train
573.18476,hc10_26498,test
573.18477,hc10_26499,train
573.18542,hc10_25180,train
573.18543,hc10_25173,train
573.18680,hc10_889,train
573.19877,hc10_1226,train
573.2000,hc10_5,test
573.2002,hc10_7,train
573.20059,hc10_25191,calibration
573.20060,hc10_25192,train
573.20061,hc10_25193,train
573.20062,hc10_25194,train
573.20064,hc10_25196,calibration
573.20065,hc10_25197,train
573.22555,hc10_523,train
573.22556,hc10_524,train
573.22557,hc10_525,test
573.22558,hc10_526,train
573.22559,hc10_527,train
573.22560,hc10_1247,calibration
573.22561,hc10_823,train
573.22562,hc10_1248,train
573.22563,hc10_824,test
573.22564,hc10_825,train
573.22565,hc10_826,train
573.22566,hc10_827,train
573.22567,hc10_1249,train
573.22568,hc10_828,test
573.23196,hc10_531,train
573.23198,hc10_533,test
573.23199,hc10_534,train
573.23200,hc10_535,train
573.23201,hc10_536,calibration
573.23202,hc10_537,calibration
573.23203,hc10_533,test
573.23204,hc10_835,train
573.23205,hc10_836,train
573.23206,hc10_535,train
573.23207,hc10_535,train
573.23208,hc10_541,test
573.23210,hc10_838,train
573.23211,hc10_542,train
573.23212,hc10_543,test
573.23213,hc10_544,train
573.23214,hc10_536,calibration
573.23215,hc10_839,train
573.23216,hc10_840,train
573.23217,hc10_546,train
573.23218,hc10_547,train
573.23219,hc10_548,test
573.23221,hc10_841,train
573.23222,hc10_841,train
573.23223,hc10_549,train
573.23224,hc10_839,train
573.23225,hc10_844,train
573.23228,hc10_551,calibration
573.23229,hc10_845,train
573.23233,hc10_533,test
573.24244,hc10_1255,train
573.24245,hc10_3698,test
573.24249,hc10_560,train
573.24250,hc10_3701,train
573.24252,hc10_13938,train
573.24255,hc10_3703,calibration
573.24257,hc10_3704,train
573.24259,hc10_3705,train
573.24261,mlst_MLST.klebsiella.43,test
573.24264,hc10_3707,train
573.24266,hc10_3708,calibration
573.24267,hc10_3709,train
573.24268,hc10_3710,train
573.24269,hc10_13622,train
573.24270,hc10_3705,train
573.24273,hc10_3712,calibration
573.24275,hc10_3713,train
573.24279,hc10_3714,train
573.24281,hc10_3715,test
573.24283,hc10_3713,train
573.24284,hc10_3718,train
573.24285,hc10_3719,train
573.24286,hc10_3720,train
573.24288,hc10_3706,train
573.24289,hc10_3706,train
573.24290,hc10_3724,train
573.24291,hc10_3725,calibration
573.24292,hc10_3726,train
573.24293,hc10_3727,test
573.24294,hc10_3706,train
573.24295,hc10_3729,train
573.24296,hc10_3730,train
573.24298,hc10_3705,train
573.24299,hc10_585,train
573.24300,hc10_3705,train
573.24301,hc10_3720,train
573.24302,hc10_3735,train
573.24303,hc10_3735,train
573.24304,hc10_3720,train
573.24305,hc10_587,test
573.24307,hc10_3740,train
573.24308,hc10_3739,train
573.24309,hc10_3742,calibration
573.24311,hc10_3743,train
573.24312,hc10_3743,train
573.24314,hc10_3709,train
573.24318,hc10_608,train
573.24321,hc10_13626,train
573.24322,hc10_13961,train
573.24323,hc10_13627,test
573.24324,hc10_13628,train
573.24325,hc10_13628,train
573.24326,hc10_18039,train
573.24328,hc10_875,test
573.24329,hc10_875,test
573.24331,hc10_18040,train
573.24332,hc10_1684,train
573.24333,hc10_595,train
573.24334,hc10_594,calibration
573.24335,hc10_595,train
573.24336,hc10_13638,calibration
573.24337,hc10_1271,train
573.24338,hc10_875,test
573.24339,hc10_13632,train
573.24340,hc10_18319,train
573.24341,hc10_18319,train
573.24343,hc10_6161,test
573.24344,hc10_6161,test
573.24345,hc10_6161,test
573.24346,hc10_6161,test
573.24348,hc10_18323,train
573.24349,hc10_18324,test
573.24350,hc10_13635,train
573.24351,hc10_18042,train
573.24352,hc10_18319,train
573.24353,hc10_18326,calibration
573.24354,hc10_13965,train
573.24356,hc10_18319,train
573.24357,hc10_18319,train
573.24358,hc10_889,train
573.24359,hc10_6161,test
573.24360,hc10_14176,train
573.24361,hc10_13967,train
573.24363,hc10_6161,test
573.24364,hc10_13638,calibration
573.24365,hc10_14177,test
573.24366,hc10_18034,train
573.24367,hc10_6161,test
573.24368,hc10_18034,train
573.24369,hc10_18045,train
573.24372,hc10_13970,train
573.24373,hc10_13640,train
573.24374,hc10_6161,test
573.24375,hc10_17504,calibration
573.24376,hc10_13641,calibration
573.24377,hc10_18046,train
573.24378,hc10_279,calibration
573.24379,hc10_6161,test
573.24380,hc10_14176,train
573.24381,hc10_18048,test
573.24382,hc10_18034,train
573.24383,hc10_18050,train
573.24384,hc10_905,train
573.24385,hc10_932,test
573.24386,hc10_13642,train
573.24388,hc10_18052,train
573.24389,hc10_18034,train
573.24390,hc10_18054,test
573.24391,hc10_875,test
573.24392,hc10_14181,train
573.24393,hc10_18034,train
573.24394,hc10_13973,calibration
573.24395,hc10_14182,train
573.24396,hc10_13644,train
573.24397,hc10_13974,calibration
573.24398,hc10_13975,train
573.24399,hc10_17505,train
573.24400,hc10_17506,test
573.24401,hc10_6161,test
573.24402,hc10_14183,train
573.24403,hc10_18034,train
573.24404,hc10_17504,calibration
573.24405,hc10_17508,train
573.24406,hc10_6161,test
573.24407,hc10_17509,train
573.24408,hc10_13646,calibration
573.24409,hc10_6161,test
573.24410,hc10_889,train
573.24411,hc10_17510,train
573.24412,hc10_17504,calibration
573.24413,hc10_13647,train
573.24414,hc10_14187,test
573.24415,hc10_13962,train
573.24416,hc10_13648,train
573.24417,hc10_18057,test
573.24418,hc10_14188,train
573.24419,hc10_18058,train
573.24420,hc10_875,test
573.24421,hc10_2952,calibration
573.24422,hc10_18060,train
573.24423,hc10_6161,test
573.24424,hc10_18034,train
573.24425,hc10_18034,train
573.24426,hc10_18063,train
573.24427,hc10_18034,train
573.24428,hc10_17512,train
573.24430,hc10_932,test
573.24431,hc10_14191,train
573.24432,hc10_18065,test
573.24434,hc10_17514,train
573.24435,hc10_6161,test
573.24436,hc10_14193,train
573.24437,hc10_6161,test
573.24438,hc10_13651,test
573.24439,hc10_13978,train
573.24440,hc10_6161,test
573.24441,hc10_1301,train
573.24444,hc10_13652,train
573.24445,hc10_18066,test
573.24448,hc10_18067,train
573.24449,hc10_14196,train
573.24450,hc10_6161,test
573.24451,hc10_6161,test
573.24452,hc10_6161,test
573.24453,hc10_6161,test
573.24454,hc10_6161,test
573.24455,hc10_18034,train
573.25568,hc10_13986,calibration
573.25569,hc10_13987,train
573.26073,hc10_18131,test
573.26074,hc10_18132,train
573.26075,hc10_18357,train
573.26076,hc10_18133,train
573.26077,hc10_18134,train
573.26078,hc10_18358,calibration
573.26079,hc10_18359,train
573.26080,hc10_6244,test
573.26081,hc10_14082,train
573.26082,hc10_18135,train
573.26083,hc10_6047,train
573.26084,hc10_6048,train
573.26086,hc10_6049,test
573.26087,hc10_18360,train
573.26088,hc10_6246,train
573.26089,hc10_14083,calibration
573.26091,hc10_18136,train
573.26093,hc10_6051,test
573.26094,hc10_18137,train
573.26095,hc10_18138,test
573.26096,hc10_6052,train
573.26097,hc10_14085,train
573.26098,hc10_14086,train
573.26099,hc10_14087,test
573.26101,hc10_18362,train
573.26103,hc10_18364,train
573.26104,mlst_MLST.klebsiella.392,train
573.26105,hc10_6247,train
573.26106,hc10_6053,train
573.26107,mlst_MLST.klebsiella.15,calibration
573.26108,solo_573.26108,train
573.26109,solo_573.26109,train
573.26110,mlst_MLST.klebsiella.15,calibration
573.26111,hc10_6248,test
573.26112,mlst_MLST.klebsiella.1569,train
573.26113,mlst_MLST.klebsiella.3384,train
573.26114,hc10_6054,calibration
573.26115,hc10_6249,train
573.26116,hc10_6250,train
573.26117,hc10_18365,test
573.26118,hc10_18139,train
573.26119,hc10_18366,train
573.26120,hc10_18367,train
573.26122,hc10_4249,calibration
573.26123,mlst_MLST.klebsiella.86,train
573.26124,hc10_6251,train
573.26125,hc10_18369,test
573.26126,hc10_18370,train
573.26127,hc10_6053,train
573.26128,hc10_6252,train
573.26130,mlst_MLST.klebsiella.528,train
573.26131,hc10_6057,calibration
573.26132,mlst_MLST.klebsiella.11,train
573.26133,hc10_6253,test
573.26134,hc10_18371,train
573.26135,hc10_6254,train
573.26136,hc10_6058,train
573.26137,hc10_18138,test
573.26138,hc10_6059,train
573.26139,hc10_6060,train
573.26140,hc10_6061,test
573.26141,hc10_6062,train
573.26142,hc10_6255,train
573.26143,hc10_18141,calibration
573.26144,hc10_18372,train
573.26145,hc10_18142,train
573.26146,hc10_18143,train
573.26147,hc10_6256,calibration
573.26148,hc10_6257,train
573.26149,hc10_18144,train
573.26151,hc10_6258,test
573.26152,hc10_18373,train
573.26153,hc10_18374,train
573.26154,hc10_14088,calibration
573.26155,hc10_18375,train
573.26156,hc10_18372,train
573.26157,hc10_6063,test
573.26158,hc10_18146,train
573.26159,hc10_14089,train
573.26160,hc10_6064,train
573.26161,hc10_6065,test
573.26162,hc10_18147,train
573.26163,hc10_14090,train
573.26164,hc10_18148,calibration
573.26165,hc10_6066,train
573.26166,hc10_18149,train
573.26167,hc10_6067,train
573.26168,hc10_14091,test
573.26169,hc10_14092,train
573.26170,hc10_18150,train
573.26171,hc10_6070,train
573.26172,hc10_6068,train
573.26173,hc10_14093,calibration
573.26174,hc10_18942,train
573.26175,hc10_18152,train
573.26176,hc10_14094,train
573.26177,hc10_6069,test
573.26178,hc10_14095,calibration
573.26179,hc10_6070,train
573.26181,hc10_6259,train
573.26182,hc10_18153,train
573.26183,hc10_18153,train
573.26184,hc10_14097,train
573.26185,hc10_18153,train
573.26186,hc10_18153,train
573.26187,hc10_14097,train
573.26188,hc10_6070,train
573.26189,hc10_6071,train
573.26190,hc10_6070,train
573.26191,hc10_14097,train
573.26192,hc10_14097,train
573.26193,hc10_14097,train
573.26194,hc10_14102,train
573.26195,hc10_17548,calibration
573.26196,hc10_14103,train
573.26197,hc10_14102,train
573.26198,hc10_18943,train
573.26199,hc10_14105,test
573.26200,hc10_17549,train
573.26202,hc10_6072,train
573.26203,hc10_6068,train
573.26204,hc10_14106,train
573.26205,hc10_14107,train
573.26206,hc10_14108,train
573.26207,hc10_6074,test
573.26208,hc10_18157,train
573.26209,hc10_18158,train
573.26210,hc10_18377,train
573.26211,hc10_18378,train
573.26212,hc10_18379,test
573.26213,hc10_18380,train
573.26215,hc10_18382,train
573.26216,hc10_18363,calibration
573.26217,hc10_17550,train
573.26218,hc10_6075,train
573.26219,hc10_6076,train
573.26220,hc10_17551,test
573.26221,hc10_14109,train
573.26222,hc10_18384,train
573.26223,hc10_17552,test
573.26224,hc10_6077,train
573.26225,hc10_6078,train
573.26226,hc10_18385,calibration
573.26227,hc10_6079,train
573.26228,hc10_6080,train
573.26229,hc10_17553,train
573.26232,hc10_14110,test
573.26233,hc10_14243,train
573.26234,hc10_6081,train
573.26236,hc10_17554,train
573.26237,hc10_14244,calibration
573.26238,hc10_14111,calibration
573.26239,hc10_14112,train
573.26240,hc10_14245,train
573.26241,hc10_14113,test
573.26242,hc10_14114,train
573.26243,hc10_14114,train
573.26244,hc10_18387,train
573.26245,hc10_17555,train
573.26246,hc10_14115,train
573.26247,hc10_17556,train
573.26248,hc10_6082,train
573.26249,hc10_6083,test
573.26250,hc10_6058,train
573.26251,hc10_14247,test
573.26252,hc10_6085,calibration
573.26253,hc10_6086,train
573.26254,hc10_6087,train
573.26255,hc10_14248,calibration
573.26256,hc10_6088,train
573.26257,hc10_6260,test
573.26258,hc10_6261,train
573.26259,hc10_6262,train
573.26260,hc10_17557,train
573.26261,hc10_17558,train
573.26262,hc10_6263,test
573.26263,hc10_18388,train
573.26264,hc10_18389,train
573.26265,hc10_18388,train
573.26266,hc10_6264,train
573.26267,hc10_6265,train
573.26268,hc10_18387,train
573.26269,hc10_14249,calibration
573.26270,hc10_17559,train
573.26271,hc10_14116,train
573.26272,hc10_14117,test
573.26273,hc10_14118,train
573.26274,hc10_6266,train
573.26275,hc10_17560,train
573.26276,hc10_17561,train
573.26277,hc10_17562,train
573.26278,hc10_17563,train
573.26279,hc10_14119,calibration
573.26280,hc10_14250,calibration
573.26281,hc10_14251,train
573.26282,hc10_14252,test
573.26283,hc10_18392,train
573.26284,hc10_14253,train
573.26285,hc10_17564,train
573.26286,hc10_18393,test
573.26287,hc10_6267,train
573.26288,hc10_17565,train
573.26289,hc10_14254,train
573.26290,hc10_18394,train
573.26291,hc10_18395,train
573.26292,hc10_14255,train
573.26293,hc10_14244,calibration
573.26294,hc10_14257,test
573.26295,hc10_18396,train
573.26296,hc10_18397,train
573.26297,hc10_6264,train
573.26298,hc10_6269,train
573.26299,hc10_18398,calibration
573.26300,hc10_6270,train
573.26301,hc10_6271,train
573.26302,hc10_18399,test
573.26303,hc10_17566,train
573.26304,hc10_6269,train
573.26305,hc10_17554,train
573.26306,hc10_17568,train
573.26307,hc10_17569,train
573.26308,hc10_14120,test
573.26309,hc10_14121,train
573.26310,hc10_18387,train
573.26311,hc10_14258,train
573.26312,hc10_14259,test
573.26313,hc10_17570,train
573.26314,hc10_12714,calibration
573.26315,hc10_17715,train
573.26316,hc10_14260,train
573.26318,hc10_6273,calibration
573.26319,hc10_6274,train
573.26320,hc10_17571,test
573.26321,hc10_6275,train
573.26322,hc10_12714,calibration
573.26323,hc10_17573,train
573.29889,hc10_18675,train
573.29906,hc10_279,calibration
573.29913,hc10_279,calibration
573.29919,hc10_18205,train
573.29927,hc10_18712,test
573.29932,hc10_279,calibration
573.29947,hc10_6095,train
573.29957,hc10_6095,train
573.29969,hc10_18735,train
573.29986,hc10_18673,train
573.30005,hc10_279,calibration
573.30008,hc10_18672,test
573.30010,hc10_18672,test
573.30014,hc10_1684,train
573.31060,hc10_18833,calibration
573.31061,hc10_18834,train
573.31062,hc10_17884,train
573.31064,hc10_19032,train
573.31065,hc10_17885,calibration
573.31067,hc10_17608,test
573.31068,hc10_17886,calibration
573.31069,hc10_18836,train
573.31071,hc10_18838,train
573.31072,hc10_17887,test
573.31073,hc10_18839,train
573.31076,hc10_19033,train
573.31078,hc10_18839,train
573.31079,hc10_17888,train
573.31081,hc10_17610,calibration
573.31082,hc10_18842,train
573.31083,hc10_19035,train
573.31084,hc10_19036,test
573.33391,hc10_19173,test
573.33392,mlst_MLST.klebsiella.15,calibration
573.33393,hc10_19173,test
573.33394,hc10_19173,test
573.33395,hc10_19216,test
573.33396,hc10_19173,test
573.33397,hc10_18284,train
573.33398,hc10_19216,test
573.33399,hc10_19216,test
573.33401,hc10_19173,test
573.33402,hc10_18284,train
573.33404,hc10_18284,train
573.33406,hc10_18284,train
573.33407,hc10_19173,test
573.33409,hc10_19173,test
573.33412,hc10_17943,train
573.33413,hc10_19216,test
573.33415,hc10_17943,train
573.33416,hc10_6194,train
573.33418,hc10_6194,train
573.33419,hc10_19216,test
573.33420,mlst_MLST.klebsiella.15,calibration
573.33421,mlst_MLST.klebsiella.15,calibration
573.33422,mlst_MLST.klebsiella.15,calibration
573.34234,hc10_26657,train
573.34237,hc10_26658,train
573.34239,hc10_26659,train
573.34246,hc10_26475,calibration
573.34248,hc10_26659,train
573.34252,hc10_4879,train
573.34261,hc10_26475,calibration
573.34262,hc10_26667,train
573.34278,hc10_26476,train
573.34283,hc10_26669,test
573.34284,hc10_26659,train
573.34294,hc10_26475,calibration
573.34297,hc10_26672,train
573.34302,hc10_26674,train
573.35513,hc10_26743,calibration
573.46064,hc10_13300,train
573.46065,hc10_13300,train
573.46066,hc10_13302,train
573.46067,hc10_13300,train
573.46068,hc10_13300,train
573.46069,hc10_13302,train
573.46070,hc10_13300,train
573.46071,hc10_13302,train
573.46072,hc10_13302,train
573.46073,hc10_13302,train
573.46074,hc10_13302,train
573.46075,hc10_13302,train
573.46076,hc10_13312,train
573.46077,hc10_13313,calibration
573.46078,hc10_13302,train
573.46079,hc10_13302,train
573.46080,hc10_13302,train
573.46081,hc10_13317,train
573.46082,hc10_13318,test
573.46083,hc10_13319,train
573.46084,hc10_13320,train
573.46085,hc10_826,train
573.46087,hc10_13322,calibration
573.46088,hc10_12995,train
573.46089,hc10_12996,test
573.46090,hc10_1757,train
573.46091,hc10_12996,test
573.46092,hc10_12999,train
573.46093,hc10_13000,test
573.46094,hc10_13001,train
573.46095,hc10_13313,calibration
573.46096,hc10_13324,train
573.46097,hc10_13002,calibration
573.46098,hc10_13325,train
573.46099,hc10_13326,train
573.46100,hc10_13327,test
573.46101,hc10_13328,train
573.46102,hc10_13329,train
573.46103,hc10_13330,train
573.46104,hc10_13331,calibration
573.46105,hc10_13332,train
573.46107,hc10_13334,test
573.46108,hc10_13335,train
573.46109,hc10_13336,train
573.46110,hc10_13337,train
573.46111,hc10_13338,test
573.46112,hc10_13339,train
573.46113,hc10_13340,train
573.46114,hc10_13302,train
573.46115,hc10_13300,train
573.46116,hc10_13343,train
573.46117,hc10_13302,train
573.46118,hc10_13302,train
573.46119,hc10_13302,train
573.46120,hc10_13347,calibration
573.46829,hc10_13111,train
573.46831,hc10_19254,train
573.46832,hc10_19254,train
573.46833,hc10_19254,train
573.46834,hc10_19254,train
573.46835,hc10_19254,train
573.46836,hc10_19254,train
573.46837,hc10_19254,train
573.46838,hc10_13501,train
573.46839,hc10_13501,train
573.46840,hc10_13501,train
573.46841,hc10_13501,train
573.46842,hc10_13501,train
573.46843,hc10_13501,train
573.46844,hc10_13501,train
573.46845,hc10_13501,train
573.46846,hc10_19254,train
573.46847,hc10_19254,train
573.46848,hc10_13501,train
573.46849,hc10_13501,train
573.46850,hc10_13501,train
573.46851,hc10_13501,train
573.46852,hc10_13501,train
573.46853,hc10_13501,train
573.46854,hc10_13501,train
573.46855,hc10_19254,train
573.46856,hc10_13501,train
573.46857,hc10_13501,train
573.46858,hc10_13501,train
573.46859,hc10_13501,train
573.46860,hc10_13501,train
573.46861,hc10_13501,train
573.46862,hc10_13501,train
573.46863,hc10_13501,train
573.46864,hc10_13111,train
573.46865,hc10_13111,train
573.46866,hc10_13741,train
573.46867,hc10_13742,train
573.46868,hc10_13111,train
573.46869,hc10_13111,train
573.46870,hc10_13111,train
573.46871,hc10_13111,train
573.46872,hc10_13501,train
573.46873,hc10_13501,train
573.46874,hc10_13501,train
573.46875,hc10_13501,train
573.46876,hc10_13501,train
573.46877,hc10_13111,train
573.5623,hc10_4959,calibration
573.5624,hc10_5262,train
573.5636,hc10_4960,train
573.5638,hc10_3838,train
573.5644,hc10_5263,train
573.5645,hc10_5264,test
573.5646,hc10_5265,train
573.5647,hc10_5266,train
573.5661,hc10_5268,train
573.5663,hc10_5269,train
573.5672,hc10_5271,train
573.5673,hc10_5272,calibration
573.5676,hc10_423,train
573.5677,hc10_4961,test
573.5678,hc10_5273,train
573.5679,hc10_5274,train
573.5681,hc10_5273,train
573.5687,hc10_4962,train
573.5690,hc10_5278,train
573.5692,hc10_5280,test
573.5694,hc10_425,train
573.5695,hc10_5281,calibration
573.5698,hc10_5283,train
573.5700,hc10_5284,test
573.5701,hc10_5285,train
573.5702,hc10_5286,calibration
573.5705,hc10_5287,test
573.5706,hc10_426,train
573.5707,hc10_1405,train
573.5709,hc10_427,train
573.5710,hc10_428,train
573.5711,hc10_429,test
573.5712,hc10_430,train
573.5716,hc10_431,train
573.5717,hc10_432,train
573.5722,hc10_432,train
573.5724,hc10_435,train
573.5763,hc10_5288,train
573.5764,hc10_4971,train
573.5765,hc10_5264,test
573.5766,hc10_5290,test
573.5767,hc10_5291,train
573.5768,hc10_4972,train
573.5769,hc10_4960,train
573.5770,hc10_5292,calibration
573.5777,hc10_4971,train
573.5778,hc10_5293,train
573.5779,hc10_3839,train
573.5780,hc10_5294,test
573.5781,hc10_4975,train
573.5793,hc10_5296,train
573.5794,hc10_5297,train
573.5795,hc10_5281,calibration
573.5796,hc10_5299,calibration
573.5797,hc10_5300,train
573.5798,hc10_5284,test
573.5799,hc10_4977,test
573.5800,hc10_4978,train
573.5803,hc10_5303,train
573.5804,hc10_423,train
573.5806,hc10_5305,train
573.5807,hc10_5285,train
573.5808,hc10_5273,train
573.5809,hc10_5272,calibration
573.5811,hc10_5310,test
573.5813,hc10_4980,train
573.5814,hc10_4981,train
573.5817,hc10_5285,train
573.5818,hc10_5313,calibration
573.5821,hc10_432,train
573.5822,hc10_432,train
573.5823,hc10_448,test
573.5825,hc10_432,train
573.5826,hc10_432,train
573.5827,hc10_452,train
573.5828,hc10_5314,train
573.65896,hc10_19293,train
573.66172,hc10_19860,test
573.66173,hc10_1684,train
573.66174,hc10_1684,train
573.66175,hc10_1684,train
573.66176,hc10_1684,train
573.66177,hc10_1684,train
573.66178,hc10_1684,train
573.66179,hc10_1684,train
573.66180,hc10_19518,test
573.66181,hc10_1684,train
573.66182,hc10_1684,train
573.66183,hc10_1684,train
573.66184,hc10_1684,train
573.66185,hc10_19296,train
573.66187,hc10_1684,train
573.66188,hc10_1684,train
573.66189,hc10_19864,train
573.66190,hc10_1684,train
573.66191,hc10_1684,train
573.66192,hc10_1684,train
573.66193,hc10_1684,train
573.66194,hc10_19297,train
573.66195,hc10_1684,train
573.66196,hc10_19527,train
573.66197,hc10_19299,train
573.66198,hc10_19528,train
573.66199,hc10_19300,train
573.66200,hc10_1684,train
573.66201,hc10_1684,train
573.66202,hc10_19531,train
573.66204,hc10_19532,train
573.66205,hc10_1684,train
573.66206,hc10_19865,test
573.66207,hc10_19534,test
573.66209,hc10_19302,train
573.66210,hc10_19535,test
573.66211,hc10_19867,train
573.66218,hc10_13120,train
573.66229,hc10_13136,calibration
573.66238,hc10_13125,test
573.66243,hc10_13125,test
573.66253,hc10_13120,train
573.66254,hc10_13130,train
573.66262,hc10_13170,train
573.66266,hc10_13127,train
573.66293,hc10_13125,test
573.66301,hc10_13130,train
573.66307,hc10_13186,train
573.66309,hc10_13130,train
573.66310,hc10_13130,train
573.66347,hc10_13125,test
573.66351,hc10_12501,train
573.66358,hc10_12524,train
573.66366,hc10_12501,train
573.66368,hc10_12501,train
573.66374,hc10_12501,train
573.66375,hc10_12501,train
573.66442,hc10_12912,train
573.66446,hc10_13134,train
573.66451,hc10_12912,train
573.66458,hc10_12901,test
573.66461,hc10_15664,train
573.66491,hc10_13130,train
573.66492,hc10_13134,train
573.66519,hc10_12591,train
573.66521,hc10_15706,calibration
573.66522,hc10_15661,train
573.66525,hc10_12528,train
573.66533,hc10_15632,train
573.66542,hc10_12528,train
573.66547,hc10_12558,train
573.66556,hc10_12504,train
573.66566,hc10_19868,train
573.66567,hc10_19303,calibration
573.66568,hc10_19304,train
573.66569,hc10_19536,train
573.66570,hc10_19305,calibration
573.66572,hc10_19869,test
573.66573,hc10_19306,calibration
573.66574,hc10_19307,train
573.66575,hc10_19308,train
573.66576,hc10_19870,test
573.66577,hc10_19537,train
573.66578,hc10_19309,train
573.66581,hc10_19539,test
573.66583,hc10_19873,train
573.66585,hc10_19310,train
573.66586,hc10_19540,test
573.66587,hc10_19874,test
573.66588,hc10_19875,train
573.66589,hc10_19541,test
573.66590,hc10_19876,train
573.66591,hc10_19542,train
573.66592,hc10_19543,calibration
573.66593,hc10_19540,test
573.66594,hc10_19545,test
573.66595,hc10_19546,train
573.66596,hc10_19547,train
573.66597,hc10_19874,test
573.66598,hc10_19311,train
573.66599,hc10_19548,train
573.66600,hc10_19549,train
573.66601,hc10_19550,calibration
573.66603,hc10_19878,train
573.66604,hc10_19879,train
573.66605,hc10_19312,calibration
573.66606,hc10_19313,test
573.66607,hc10_19551,train
573.66608,hc10_19552,train
573.66609,hc10_19880,train
573.66610,hc10_19539,test
573.66611,hc10_19881,train
573.66612,hc10_19314,train
573.66613,hc10_19882,train
573.66614,hc10_19883,train
573.66615,hc10_19554,train
573.66616,hc10_19884,calibration
573.66617,hc10_19315,train
573.66618,hc10_19885,train
573.66619,hc10_19313,test
573.66620,hc10_19555,train
573.66621,hc10_19556,train
573.66622,hc10_19557,train
573.66623,hc10_19558,train
573.66624,hc10_19317,test
573.66625,hc10_19886,calibration
573.66626,hc10_19559,train
573.66627,hc10_19318,test
573.66629,hc10_19561,train
573.66630,hc10_19562,test
573.66631,hc10_19563,train
573.66632,hc10_19887,train
573.66633,hc10_19319,test
573.66634,hc10_19888,train
573.66635,hc10_19564,test
573.66636,hc10_19565,train
573.66637,hc10_19889,train
573.66638,hc10_19566,train
573.66639,hc10_19890,train
573.66640,hc10_19891,train
573.66641,hc10_19892,test
573.66642,hc10_19893,calibration
573.66643,hc10_19894,train
573.66644,hc10_19895,test
573.66645,hc10_19567,train
573.66646,hc10_19896,calibration
573.66647,hc10_19897,train
573.66648,hc10_19320,calibration
573.66649,hc10_19568,train
573.66650,hc10_19543,calibration
573.66651,hc10_19874,test
573.66652,hc10_19570,train
573.66653,hc10_19899,test
573.66654,hc10_19571,test
573.66655,hc10_19900,train
573.66656,hc10_19572,train
573.66657,hc10_19573,train
573.66658,hc10_19901,test
573.66659,hc10_19902,train
573.66660,hc10_19903,train
573.66661,hc10_19321,train
573.66662,hc10_19574,train
573.66663,hc10_19575,test
573.66664,hc10_19322,train
573.66666,hc10_19905,train
573.66667,hc10_19576,calibration
573.66668,hc10_19565,train
573.66669,hc10_19578,train
573.66670,hc10_19579,train
573.66671,hc10_19906,test
573.66672,hc10_19907,train
573.66673,hc10_19580,train
573.66675,hc10_19582,train
573.66677,hc10_19584,calibration
573.66678,hc10_19908,train
573.66679,hc10_19309,train
573.66680,hc10_19585,test
573.66681,hc10_19909,train
573.66682,hc10_19910,train
573.66683,hc10_19911,train
573.66684,hc10_19912,train
573.66685,hc10_19913,calibration
573.66686,hc10_19586,train
573.66687,hc10_19914,test
573.66688,hc10_19915,train
573.66689,hc10_19587,train
573.66690,hc10_19588,train
573.66691,hc10_19539,test
573.66692,hc10_19590,train
573.66693,hc10_19591,test
573.66694,hc10_19573,train
573.66695,hc10_19593,train
573.66696,hc10_19594,train
573.66697,hc10_19916,train
573.66698,hc10_19595,calibration
573.66699,hc10_19596,train
573.66700,hc10_19917,test
573.66701,hc10_19918,train
573.66702,hc10_19597,train
573.66703,hc10_19598,train
573.66704,hc10_19599,test
573.66705,hc10_19600,train
573.66706,hc10_19601,train
573.66707,hc10_19919,calibration
573.66708,hc10_19920,train
573.66709,hc10_19921,train
573.66710,hc10_19882,train
573.66711,hc10_19602,train
573.66712,hc10_19603,test
573.66713,hc10_19923,train
573.66714,hc10_19604,train
573.66715,hc10_19324,calibration
573.66716,hc10_19924,train
573.66717,hc10_19325,train
573.66718,hc10_19925,train
573.66719,hc10_19605,train
573.66720,hc10_19926,test
573.66721,hc10_19927,train
573.66723,hc10_19929,train
573.66724,hc10_19930,train
573.66725,hc10_19931,test
573.66726,hc10_19932,train
573.66727,hc10_19882,train
573.66728,hc10_19934,train
573.66729,hc10_19935,calibration
573.66730,hc10_19315,train
573.66731,hc10_19327,train
573.66732,hc10_19936,train
573.66733,hc10_19328,test
573.66734,hc10_19937,train
573.66735,hc10_19938,train
573.66736,hc10_19939,train
573.66737,hc10_19940,calibration
573.66738,hc10_19874,test
573.66739,hc10_19942,train
573.66740,hc10_19943,test
573.66741,hc10_19944,train
573.66742,hc10_19606,train
573.66743,hc10_19329,calibration
573.66744,hc10_19945,train
573.66745,hc10_19885,train
573.66746,hc10_19947,train
573.66747,hc10_19607,test
573.66748,hc10_19948,calibration
573.66749,hc10_19608,train
573.66750,hc10_19609,train
573.66751,hc10_19610,test
573.66752,hc10_19330,train
573.66753,hc10_19872,train
573.66754,hc10_19950,train
573.66755,hc10_19611,train
573.66756,hc10_19951,calibration
573.66757,hc10_19612,train
573.66758,hc10_19613,train
573.66759,hc10_19614,train
573.66760,hc10_19869,test
573.66761,hc10_19331,test
573.66763,hc10_19333,train
573.66764,hc10_19615,train
573.66765,hc10_19953,test
573.66766,hc10_19954,train
573.66767,hc10_19616,train
573.66768,hc10_19617,calibration
573.66769,hc10_19618,train
573.66770,hc10_19896,calibration
573.66771,hc10_19619,train
573.66772,hc10_19956,train
573.66774,hc10_19620,train
573.66775,hc10_19621,calibration
573.66776,hc10_19957,train
573.66777,hc10_19958,train
573.66778,hc10_19335,train
573.66780,hc10_19336,test
573.66781,hc10_19623,train
573.66782,hc10_19624,train
573.66783,hc10_19625,test
573.66784,hc10_19337,train
573.66785,hc10_19338,train
573.66786,hc10_19626,calibration
573.66787,hc10_19627,train
573.66788,hc10_19628,train
573.66789,hc10_19629,test
573.66790,hc10_19339,train
573.66791,hc10_19630,train
573.66792,hc10_19631,train
573.66793,hc10_19340,calibration
573.66794,hc10_19959,train
573.66795,hc10_19960,test
573.66796,hc10_19632,train
573.66797,hc10_19961,train
573.66798,hc10_19962,train
573.66799,hc10_19633,train
573.66800,hc10_19963,train
573.66801,hc10_19341,test
573.66802,hc10_19634,train
573.66803,hc10_19964,train
573.66804,hc10_19635,test
573.66805,hc10_19636,test
573.66806,hc10_19342,test
573.66807,hc10_19965,train
573.66808,hc10_19966,train
573.66809,hc10_19620,train
573.66810,hc10_19967,train
573.66811,hc10_19638,train
573.66812,hc10_19343,calibration
573.66813,hc10_19639,train
573.66815,hc10_19622,test
573.66816,hc10_19642,train
573.66817,hc10_19344,train
573.66818,hc10_19968,train
573.66819,hc10_19643,train
573.66820,hc10_19969,train
573.66821,hc10_19644,train
573.66822,hc10_19645,calibration
573.66823,hc10_19880,train
573.66824,hc10_19345,train
573.66825,hc10_19646,train
573.66826,hc10_19647,train
573.66827,hc10_19648,test
573.66828,hc10_19649,train
573.66829,hc10_19650,train
573.66830,hc10_19651,calibration
573.66831,hc10_19962,train
573.66832,hc10_19972,train
573.66833,hc10_19973,train
573.66834,hc10_19652,calibration
573.66835,hc10_19974,train
573.66836,hc10_19653,test
573.66839,hc10_19655,train
573.66840,hc10_19656,train
573.66841,hc10_19976,train
573.66842,hc10_19977,test
573.66843,hc10_19657,train
573.66844,hc10_19658,train
573.66845,hc10_19659,calibration
573.66846,hc10_19346,train
573.66847,hc10_19660,train
573.66849,hc10_19978,test
573.66850,hc10_19662,train
573.66851,hc10_19663,train
573.66856,hc10_19349,train
573.66858,hc10_19979,calibration
573.66859,hc10_19667,train
573.66860,hc10_19350,train
573.66863,hc10_19669,train
573.66864,hc10_19350,train
573.66865,hc10_19353,test
573.66866,hc10_19350,train
573.66868,hc10_19356,train
573.66869,hc10_19357,train
573.66871,hc10_19980,train
573.66872,hc10_19981,train
573.66873,hc10_19359,train
573.66875,hc10_19671,train
573.66877,hc10_19982,train
573.66878,hc10_19983,train
573.66879,hc10_19360,calibration
573.66880,hc10_19361,train
573.66881,hc10_19673,train
573.66882,hc10_19362,train
573.66885,hc10_19365,test
573.66887,hc10_19356,train
573.66888,hc10_19368,calibration
573.66889,hc10_19984,train
573.66890,hc10_19369,train
573.66891,hc10_19370,train
573.66892,hc10_19985,train
573.66893,hc10_19674,train
573.66894,hc10_19986,calibration
573.66895,hc10_19981,train
573.66896,hc10_19356,train
573.66898,hc10_19373,train
573.66899,hc10_19675,test
573.66901,hc10_19374,train
573.66902,hc10_19375,test
573.66904,hc10_19676,train
573.66905,hc10_19677,train
573.66906,hc10_19674,train
573.66910,hc10_19992,train
573.66911,hc10_19984,train
573.66912,hc10_19994,test
573.66913,hc10_19995,train
573.66914,hc10_19377,train
573.66915,hc10_19996,calibration
573.66916,hc10_19997,train
573.66917,hc10_19374,train
573.66918,hc10_19679,train
573.66919,hc10_19998,train
573.66920,hc10_1684,train
573.66921,hc10_19999,test
573.66923,hc10_19681,train
573.66924,hc10_20000,test
573.66925,hc10_19682,train
573.66926,hc10_19683,test
573.66927,hc10_19380,train
573.66929,hc10_20001,train
573.66930,hc10_19382,train
573.66932,hc10_19684,calibration
573.66933,hc10_19685,train
573.66934,hc10_19383,train
573.66935,hc10_1684,train
573.66936,hc10_1684,train
573.66937,hc10_1684,train
573.66939,hc10_19384,test
573.66940,hc10_19687,train
573.66941,hc10_19687,train
573.66942,hc10_19689,train
573.66943,hc10_19385,train
573.66944,hc10_20006,train
573.66945,hc10_20007,test
573.66946,hc10_19690,train
573.66947,hc10_19691,train
573.66948,hc10_19692,train
573.66949,hc10_19693,calibration
573.66950,hc10_19694,train
573.66951,hc10_19695,train
573.66952,hc10_20008,train
573.66953,hc10_19386,test
573.66954,hc10_2311,calibration
573.66955,hc10_20009,train
573.66956,hc10_19902,train
573.66957,hc10_20011,train
573.66958,hc10_19388,train
573.66959,hc10_19320,calibration
573.66960,hc10_19390,calibration
573.66961,hc10_19391,train
573.66962,hc10_20012,test
573.66963,hc10_19696,train
573.66964,hc10_19697,train
573.66965,hc10_19392,train
573.66966,hc10_19965,train
573.66967,hc10_19698,train
573.66968,hc10_19699,test
573.66970,hc10_19696,train
573.66971,hc10_19702,train
573.66972,hc10_20014,train
573.66974,hc10_19368,calibration
573.66975,hc10_20016,calibration
573.66976,hc10_19394,train
573.66977,hc10_19395,train
573.66978,hc10_19396,test
573.66979,hc10_19397,train
573.66980,hc10_19902,train
573.66981,hc10_19614,train
573.66982,hc10_19704,train
573.66983,hc10_19398,train
573.66984,hc10_19635,test
573.66985,hc10_19880,train
573.66986,hc10_19706,calibration
573.66987,hc10_19707,train
573.66988,hc10_19399,train
573.66989,hc10_19400,test
573.66990,hc10_19708,train
573.66991,hc10_19401,train
573.66992,hc10_20019,train
573.66993,hc10_19709,test
573.66994,hc10_19710,train
573.66995,hc10_19402,train
573.66996,hc10_19403,test
573.66997,hc10_19711,calibration
573.66998,hc10_19404,test
573.66999,hc10_19695,train
573.67000,hc10_20020,train
573.67001,hc10_19405,train
573.67002,hc10_19713,train
573.67003,hc10_19406,test
573.67004,hc10_19883,train
573.67005,hc10_20022,train
573.67006,hc10_19407,train
573.67007,hc10_19714,calibration
573.67008,hc10_19408,train
573.67009,hc10_19409,train
573.67010,hc10_19410,test
573.67011,hc10_19335,train
573.67012,hc10_19412,train
573.67014,hc10_19715,train
573.67015,hc10_19414,train
573.67016,hc10_19415,test
573.67017,hc10_19716,train
573.67018,hc10_19416,train
573.67019,hc10_19417,calibration
573.67020,hc10_19418,train
573.67021,hc10_2311,calibration
573.67022,hc10_19420,train
573.67023,hc10_19717,test
573.67024,hc10_19896,calibration
573.67025,hc10_20024,train
573.67026,hc10_19421,train
573.67027,hc10_19422,train
573.67028,hc10_19423,calibration
573.67029,hc10_20025,train
573.67030,hc10_20026,train
573.67031,hc10_19424,train
573.67032,hc10_20027,train
573.67033,hc10_19914,test
573.67034,hc10_20029,train
573.67035,hc10_19692,train
573.67036,hc10_19719,test
573.67037,hc10_19720,train
573.67038,hc10_19425,train
573.67039,hc10_20030,calibration
573.67040,hc10_20031,train
573.67041,hc10_19721,train
573.67042,hc10_20032,test
573.67043,hc10_20033,train
573.67044,hc10_20034,train
573.67045,hc10_20035,calibration
573.67046,hc10_19426,calibration
573.67047,hc10_20036,train
573.67048,hc10_19427,test
573.67049,hc10_19428,train
573.67050,hc10_19429,train
573.67051,hc10_19430,train
573.67052,hc10_20037,test
573.67053,hc10_19431,train
573.67054,hc10_19432,train
573.67055,hc10_20038,train
573.67056,hc10_19433,train
573.67057,hc10_19403,test
573.67058,hc10_20039,train
573.67059,hc10_19435,train
573.67060,hc10_20040,calibration
573.67061,hc10_19436,train
573.67062,hc10_20041,train
573.67063,hc10_19437,test
573.67064,hc10_19324,calibration
573.67065,hc10_19439,train
573.67066,hc10_19440,train
573.67067,hc10_20042,train
573.67068,hc10_20043,test
573.67069,hc10_20044,train
573.67070,hc10_19441,train
573.67071,hc10_19442,calibration
573.67072,hc10_19443,train
573.67073,hc10_20045,train
573.67074,hc10_20046,test
573.67075,hc10_20047,train
573.67076,hc10_20048,train
573.67077,hc10_19444,train
573.67078,hc10_20049,calibration
573.67079,hc10_19445,train
573.67080,hc10_19446,test
573.67081,hc10_20050,train
573.67082,hc10_19447,train
573.67083,hc10_19448,train
573.67084,hc10_20051,test
573.67085,hc10_19914,test
573.67086,hc10_20053,train
573.67087,hc10_19449,train
573.67088,hc10_19450,calibration
573.67089,hc10_20054,train
573.67090,hc10_19451,train
573.67091,hc10_20055,test
573.67092,hc10_20056,train
573.67093,hc10_19452,train
573.67094,hc10_20057,train
573.67095,hc10_19453,calibration
573.67096,hc10_20058,test
573.67097,hc10_2311,calibration
573.67098,hc10_20059,train
573.67099,hc10_20060,train
573.67100,hc10_20061,train
573.67101,hc10_19914,test
573.67102,hc10_19455,train
573.67103,hc10_19456,test
573.67104,hc10_19457,train
573.67105,hc10_2311,calibration
573.67106,hc10_19459,train
573.67107,hc10_19460,calibration
573.67108,hc10_20063,train
573.67109,hc10_20064,train
573.67110,hc10_19461,train
573.67111,hc10_20065,train
573.67112,hc10_19397,train
573.67113,hc10_19463,train
573.67114,hc10_19464,test
573.67115,hc10_19465,train
573.67116,hc10_20066,calibration
573.67117,hc10_19466,train
573.67118,hc10_19902,train
573.67119,hc10_20068,train
573.67120,hc10_19467,test
573.67121,hc10_19468,train
573.67122,hc10_19469,train
573.67123,hc10_20069,train
573.67126,hc10_20071,test
573.67129,hc10_19473,test
573.67132,hc10_19356,train
573.67133,hc10_19981,train
573.67134,hc10_19723,train
573.67138,hc10_20076,train
573.67140,hc10_19356,train
573.67141,hc10_2311,calibration
573.67142,hc10_19478,calibration
573.67143,hc10_19479,train
573.67144,hc10_20078,train
573.67145,hc10_19480,test
573.67148,hc10_20079,train
573.67149,hc10_19483,train
573.67150,hc10_19484,train
573.67151,hc10_19669,train
573.67152,hc10_19375,test
573.67153,hc10_19473,test
573.67154,hc10_19487,calibration
573.67155,hc10_19488,train
573.67156,hc10_19489,train
573.67158,hc10_19490,test
573.67159,hc10_19491,train
573.67160,hc10_19492,test
573.67161,hc10_19374,train
573.67162,hc10_19726,train
573.67163,hc10_19727,calibration
573.67164,hc10_19494,train
573.67165,hc10_19495,train
573.67166,hc10_19496,calibration
573.67167,hc10_19673,train
573.67168,hc10_19497,train
573.67169,hc10_19729,train
573.67170,hc10_19498,test
573.67171,hc10_19499,train
573.67173,hc10_19488,train
573.67174,hc10_19502,train
573.67175,hc10_19730,train
573.67176,hc10_19680,train
573.67177,hc10_19356,train
573.67180,hc10_19732,train
573.9722,hc10_25138,test
573.9724,hc10_25140,train
573.67710,hc10_19812,train
573.67711,hc10_19590,train
573.7024,hc10_1642,train
573.7025,hc10_1643,test
573.7027,hc10_1926,train
573.7031,hc10_1927,train
573.7032,hc10_2285,calibration
573.7033,hc10_2286,train
573.7362,hc10_25238,train
